Subject,Object
.us,america
105 Mile Post Indian Reserve No. 2,Canada
10th Chess Olympiad,Finland
10th International Conference on Social Informatics,Russia
11th arrondissement of Paris,france
11th U-boat Flotilla,german reich
12th arrondissement of Paris,france
12th Conference on Language Resources and Evaluation,France
14th Chess Olympiad,Germany
16th Street Baptist Church bombing,United States of America
1796 United States presidential election,america
1796 United States presidential election,United States of America
1800 United States presidential election,United States of America
1804 United States presidential election,United States of America
1808 United States presidential election,United States of America
1812 United States presidential election,america
1812 United States presidential election,United States of America
1896 United States presidential election in Arkansas,United States of America
1897 European Rowing Championships,italia
1905 Irish Open Badminton Championships,Ireland
1911 Swedish general election,Sweden
1922 European Rowing Championships,kingdom of spain
1930 European Rowing Championships,belgium
1931 European Rowing Championships,france
1933 Irish Open Badminton Championships,Ireland
1934 Irish Open Badminton Championships,Ireland
1935 Irish Open Badminton Championships,Ireland
1936 Irish Open Badminton Championships,Ireland
1936 Winter Olympics,German Reich
1937 Irish Open Badminton Championships,Ireland
1938 Irish Open Badminton Championships,Ireland
1938 Swedish Badminton Championships,Sweden
1939 Irish Open Badminton Championships,Ireland
1940 Swedish Badminton Championships,Sweden
1940 United States presidential election,United States of America
1942 Swedish Badminton Championships,Sweden
1944 Swedish Badminton Championships,Sweden
1945 Danish Folketing election,danemark
1945 Danish Folketing election,Denmark
1946 Swedish Badminton Championships,Sweden
1947 Danish Folketing election,Denmark
1947 Irish Open Badminton Championships,Ireland
1948 Irish Open Badminton Championships,Ireland
1948 Winter Olympics,Switzerland
1949 Filipino Badminton Championships,Philippines
1949 Irish Open Badminton Championships,Ireland
1950 Danish Folketing election,Denmark
1950 Filipino Badminton Championships,Philippines
1950 Irish Open Badminton Championships,Ireland
1951 Filipino Badminton Championships,Philippines
1951 Liège–Bastogne–Liège,belgium
1952 Filipino Badminton Championships,Philippines
1952 Liège–Bastogne–Liège,belgium
1952 Winter Olympics,Norway
1953 Danish Folketing election,Denmark
1953 Danish general election,danish commonwealth
1953 Danish general election,Denmark
1953 European Rowing Championships,danemark
1954 European Rowing Championships,holland
1958 Milan–San Remo,italia
1959 Scottish Open Badminton Championships,United Kingdom
1960 Danish general election,Denmark
1960 Scottish Open Badminton Championships,United Kingdom
1961 Scottish Open Badminton Championships,United Kingdom
1962 European Athletics Championships,sfr yugoslavia
1962 US Open Badminton Championships,United States of America
1962 Vuelta a Guatemala,Guatemala
1963 Danish Badminton Championships,Denmark
1963 Uber Cup,United States of America
1963 Vuelta a Guatemala,Guatemala
1964 Danish general election,Denmark
1964 Dutch Grand Prix,Netherlands
1964 European Rowing Championships,holland
1964 Scottish Open Badminton Championships,United Kingdom
1964 United Kingdom general election,g b
1964 Vuelta a Guatemala,Guatemala
1965 Danish Badminton Championships,Denmark
1965 Dutch Grand Prix,Netherlands
1965 Scottish Open Badminton Championships,United Kingdom
1965 Vuelta a Guatemala,Guatemala
1966 Danish Badminton Championships,Denmark
1966 Danish general election,Denmark
1966 Italian Grand Prix,Italy
1966 Scottish Open Badminton Championships,United Kingdom
1966 Uber Cup,New Zealand
1966 Vuelta a Guatemala,Guatemala
1967 Dutch Grand Prix,Netherlands
1967 Scottish Open Badminton Championships,United Kingdom
1967 Vuelta a Guatemala,Guatemala
1968 Danish Badminton Championships,Denmark
1968 European Indoor Games,kingdom of spain
1968 Italian Grand Prix,Italy
1968 Scottish Open Badminton Championships,United Kingdom
1968 Tirreno–Adriatico,Italy
1968 Vuelta a Guatemala,Guatemala
1968 Welsh International Badminton Championships,United Kingdom
1969 Danish Badminton Championships,Denmark
1969 European Indoor Games,sfr yugoslavia
1969 German Open Badminton Championships,Germany
1969 Italian Grand Prix,Italy
1969 Scottish Open Badminton Championships,United Kingdom
1969 Tirreno–Adriatico,italia
1969 Tirreno–Adriatico,Italy
1969 Vuelta a Guatemala,Guatemala
1969 Welsh International Badminton Championships,United Kingdom
1970 Italian Grand Prix,Italy
1970 Vuelta a Guatemala,Guatemala
1971 Danish general election,Denmark
1971 Scottish Open Badminton Championships,United Kingdom
1971 Vuelta a Guatemala,Guatemala
1972 Tirreno–Adriatico,italia
1972 Tirreno–Adriatico,Italy
1973 Dutch Grand Prix,Netherlands
1973 German Open Badminton Championships,Germany
1974 Danish Badminton Championships,Denmark
1974 German Open Badminton Championships,Germany
1974 Tirreno–Adriatico,Italy
1975 NBA Playoffs,United States of America
1975 Tirreno–Adriatico,Italy
1975 Uber Cup,Indonesia
1976 American Airlines Tennis Games,america
1976 American Airlines Tennis Games – Singles,america
1976 Asian Junior Badminton Championships,India
1976 Danish Badminton Championships,Denmark
1976 German Open Badminton Championships,Germany
1977 NBA Playoffs,United States of America
1977 Plume d’Or,Switzerland
1978 Bordeaux–Paris,France
1978 German Grand Prix,Germany
1978 NBA Playoffs,United States of America
1978 Plume d’Or,Switzerland
1978 Uber Cup,aotearoa new zealand
1978 Uber Cup,New Zealand
1979 ABN World Tennis Tournament,holland
1979 Bordeaux–Paris,France
1979 German Grand Prix,federal republic of germany
1979 German Grand Prix,Germany
1979 Plume d’Or,Portugal
1980 Bordeaux–Paris,France
1980 German Grand Prix,Germany
1980 NBA Playoffs,United States of America
1980 Plume d’Or,France
1980 Scheldeprijs,Belgium
1981 Bordeaux–Paris,France
1981 German Grand Prix,Germany
1981 Plume d’Or,Spain
1981 Tirreno–Adriatico,italia
1981 Tirreno–Adriatico,Italy
1981 Uber Cup,iapan
1981 Uber Cup,Japan
1982 Bordeaux–Paris,France
1982 German Grand Prix,Germany
1982 Lliga Catalana de Bàsquet,kingdom of spain
1982 Lliga Catalana de Bàsquet,Spain
1982 Plume d’Or,Yugoslavia
1982 Thai Badminton Championships,Thailand
1983 Bordeaux–Paris,France
1983 European Grand Prix,United Kingdom
1983 German Grand Prix,federal republic of germany
1983 German Grand Prix,Germany
1983 German Open Badminton Championships,Germany
1983 Thai Badminton Championships,Thailand
1984 African Badminton Championships,Tanzania
1984 Bordeaux–Paris,France
1984 Canadian Open Badminton Championships,Canada
1984 European Grand Prix,Netherlands
1984 German Grand Prix,federal republic of germany
1984 German Grand Prix,Germany
1984 German Open Badminton Championships,Germany
1984 Nehru Cup,Hungary
1984 Plume d’Or,Malta
1984 Thai Badminton Championships,Thailand
1984 Welsh Badminton Championships,United Kingdom
1985 Bordeaux–Paris,France
1985 Canadian Grand Prix,Canada
1985 Edgbaston Cup,United Kingdom
1985 European Grand Prix,United Kingdom
1985 German Grand Prix,Germany
1985 German Open Badminton Championships,Germany
1985 NBA Playoffs,United States of America
1985 Plume d’Or,Spain
1985 Scottish Open Badminton Championships,United Kingdom
1985 Thai Badminton Championships,Thailand
1985 Welsh Badminton Championships,United Kingdom
1986 Chinese Taipei Open Badminton Championships,Taiwan
1986 Danmark Rundt,Denmark
1986 Edgbaston Cup,United Kingdom
1986 German Grand Prix,federal republic of germany
1986 German Grand Prix,Germany
1986 NBA Playoffs,United States of America
1986 Plume d’Or,Austria
1986 Slovenian Badminton Championships,Slovenia
1986 Thai Badminton Championships,Thailand
1986 US Open Badminton Championships,United States of America
1986 Welsh Badminton Championships,United Kingdom
1987 Canadian Open Badminton Championships,Canada
1987 Chinese Taipei Open Badminton Championships,Taiwan
1987 Dow Chemical Classic,g b
1987 Dow Chemical Classic,United Kingdom
1987 Dow Chemical Classic – Singles,g b
1987 German Grand Prix,Germany
1987 German Open Badminton Championships,Germany
1987 Plume d’Or,Switzerland
1987 Slovenian Badminton Championships,Slovenia
1987 Thai Badminton Championships,Thailand
1987 Welsh Badminton Championships,United Kingdom
1988 Canadian Grand Prix,Canada
1988 Canadian Open Badminton Championships,Canada
1988 Chinese Taipei Open Badminton Championships,Taiwan
1988 Danish general election,Denmark
1988 Dow Classic,United Kingdom
1988 Plume d’Or,Portugal
1988 Slovenian Badminton Championships,Slovenia
1988 Spanish Open,kingdom of spain
1988 Spanish Open,Spain
1988 Swedish general election,Sweden
1988 Thai Badminton Championships,Thailand
1988 Welsh Badminton Championships,United Kingdom
1989 Canadian Open Badminton Championships,Canada
1989 Chinese Taipei Open Badminton Championships,Taiwan
1989 Dow Classic,United Kingdom
1989 Milan–San Remo,italia
1989 NBA Playoffs,United States of America
1989 Plume d’Or,Portugal
1989 Slovenian Badminton Championships,Slovenia
1989 Spanish Open,kingdom of spain
1989 Spanish Open,Spain
1989 Thai Badminton Championships,Thailand
1989 Welsh Badminton Championships,United Kingdom
1990 Canadian Open Badminton Championships,Canada
1990 Dow Classic,United Kingdom
1990 Plume d’Or,Israel
1990 Slovenian Badminton Championships,Slovenia
1990 Thai Badminton Championships,Thailand
1990 Welsh Badminton Championships,United Kingdom
1991 Australian Grand Prix,'straya
1991 Canadian Grand Prix,can
1991 Canadian Grand Prix,Canada
1991 Plume d’Or,France
1991 Slovenian Badminton Championships,Slovenia
1991 Thai Badminton Championships,Thailand
1991 Welsh Badminton Championships,United Kingdom
1992 Canadian Open Badminton Championships,Canada
1992 Dow Classic,United Kingdom
1992 Internationaux de Strasbourg,france
1992 Slovenian Badminton Championships,Slovenia
1992 Thai Badminton Championships,Thailand
1992 Welsh Badminton Championships,United Kingdom
1992 Welsh International Badminton Championships,United Kingdom
1993 European Grand Prix,United Kingdom
1993 Internationaux de Strasbourg,france
1993 Slovenian Badminton Championships,Slovenia
1993 Thai Badminton Championships,Thailand
1993 Welsh Badminton Championships,United Kingdom
1994 DFS Classic,United Kingdom
1994 FIBA Europe Under-20 Championship,Slovenia
1994 Slovenian Badminton Championships,Slovenia
1994 Texas gubernatorial election,america
1994 Torneo Internazional Femmin di Palermo,Italy
1994 Winter Olympics,kingdom of norway
1994 Winter Olympics,Norway
1995 Canadian Grand Prix,Canada
1995 Canadian Open Badminton Championships,Canada
1995 DFS Classic,United Kingdom
1995 European Grand Prix,federal republic of germany
1995 European Grand Prix,Germany
1995 Internazionali Femminili di Palermo,Italy
1995 Slovenian Badminton Championships,Slovenia
1995 UCI Road World Championships,colombia
1995 Welsh International Badminton Championships,United Kingdom
1996 DFS Classic,United Kingdom
1996 European Grand Prix,Germany
1996 Internazionali Femminili di Palermo,Italy
1996 Slovenian Badminton Championships,Slovenia
1996 Welsh International Badminton Championships,United Kingdom
1996 WTA German Open,Germany
1997 Asian Junior Badminton Championships,Philippines
1997 Boston Open Badminton Championships,United States of America
1997 DFS Classic,United Kingdom
1997 Internazionali Femminili di Palermo,Italy
1997 Slovenian Badminton Championships,Slovenia
1998 African Badminton Championships,Mauritius
1998 Asian Junior Badminton Championships,Malaysia
1998 Canadian Grand Prix,Canada
1998 Internazionali Femminili di Palermo,Italy
1998 Páginas Amarillas Open,kingdom of spain
1998 Páginas Amarillas Open,Spain
1998 Páginas Amarillas Open – Singles,kingdom of spain
1998 US Open Badminton Championships,United States of America
1999 Asian Junior Badminton Championships,Myanmar
1999 Clásica de San Sebastián,kingdom of spain
1999 DFS Classic,United Kingdom
1999 Direct Line International Championships,g b
1999 European Grand Prix,federal republic of germany
1999 European Grand Prix,Germany
1999 NBA Playoffs,United States of America
1999 Torneo Internazionale,Italy
2000 African Badminton Championships,federal republic of nigeria
2000 African Badminton Championships,Nigeria
2000 Asian Junior Badminton Championships,Japan
2000 Clásica de San Sebastián,kingdom of spain
2000 Czech International Badminton Championships,Czech Republic
2000 DFS Classic,g b
2000 DFS Classic,United Kingdom
2000 Direct Line International Championships,g b
2000 Energis Dutch Open,holland
2000 Internazionali Femminili di Palermo,Italy
2000 Legg Mason Tennis Classic,United States of America
2000 US Open Badminton Championships,United States of America
2001 Asian Junior Badminton Championships,Taiwan
2001 Britannic Asset Management International Championships,g b
2001 Clásica de San Sebastián,kingdom of spain
2001 Czech International Badminton Championships,Czech Republic
2001 Danish general election,Denmark
2001 Pilot Pen Tennis,United States of America
2001 US Open Badminton Championships,United States of America
2002 Asian Junior Badminton Championships,Malaysia
2002 Czech International Badminton Championships,Czech Republic
2002 DFS Classic,United Kingdom
2002 Energis Open,holland
2002 European Grand Prix,federal republic of germany
2002 European Grand Prix,Germany
2002 Irish Open Badminton Championships,Ireland
2002 Texas gubernatorial election,america
2003 Clásica de San Sebastián,kingdom of spain
2003 Czech International Badminton Championships,Czech Republic
2003 European Grand Prix,federal republic of germany
2003 European Grand Prix,Germany
2003 Irish Open Badminton Championships,Ireland
2003 Madrid Trofeo Union Fenosa,Spain
2003 MasterCard German Open,Germany
2003 Pilot Pen Tennis,United States of America
2003 Priority Telecom Open,holland
2003 Welsh International Badminton Championships,United Kingdom
2004 Asian Junior Badminton Championships,South Korea
2004 Czech International Badminton Championships,Czech Republic
2004 Danmark Rundt,Denmark
2004 Filipino Badminton Championships,Philippines
2004 Internazionali Femminili di Palermo,Italy
2004 Ladies German Open,Germany
2004 Pilot Pen Tennis,United States of America
2005 Asian Junior Badminton Championships,Indonesia
2005 Boston Open Badminton Championships,United States of America
2005 Czech International Badminton Championships,Czech Republic
2005 Danish general election,danish commonwealth
2005 Danish general election,Denmark
2005 DFS Classic,United Kingdom
2005 European Grand Prix,Germany
2005 Filipino Badminton Championships,Philippines
2005 Legg Mason Tennis Classic,United States of America
2006 African Badminton Championships,Algeria
2006 Asian Junior Badminton Championships,Malaysia
2006 Australian Grand Prix,'straya
2006 Czech International Badminton Championships,Czech Republic
2006 DFS Classic,United Kingdom
2006 Filipino Badminton Championships,Philippines
2006 Illinois gubernatorial election,america
2006 NBA Playoffs,United States of America
2006 Swedish general election,Sweden
2006 Tirreno–Adriatico,italia
2006 Tirreno–Adriatico,Italy
2006 UCI Road World Championships,austria
2006 UCI Road World Championships – Women's road race,austria
2007 Asian Junior Badminton Championships,Malaysia
2007 Boston Open Badminton Championships,United States of America
2007 Clásica de San Sebastián,kingdom of spain
2007 Danish general election,Denmark
2007 Danmark Rundt,Denmark
2007 Filipino Badminton Championships,Philippines
2007 Legg Mason Tennis Classic,United States of America
2007 Pilot Pen Tennis,america
2007 Pilot Pen Tennis,United States of America
2007 Tirreno–Adriatico,italia
2008 Asian Junior Badminton Championships,Malaysia
2008 Australian Grand Prix,'straya
2008 Danmark Rundt,Denmark
2008 French Road Cycling Cup,france
2008 Giro di Lombardia,italia
2008 Irish Open Badminton Championships,Ireland
2008 Pilot Pen Tennis,United States of America
2008 Scheldeprijs,belgium
2008 US Open Badminton Championships,United States of America
2009 African Badminton Championships,ke
2009 African Badminton Championships,Kenya
2009 Copa Sony Ericsson Colsanitas,colombia
2009 European Grand Prix,kingdom of spain
2009 European Grand Prix,Spain
2009 Filipino Badminton Championships,Philippines
2009 Giro di Lombardia,italia
2009 Irish Badminton Championships,Ireland
2009 Legg Mason Tennis Classic,america
2009 Legg Mason Tennis Classic,United States of America
2009 Legg Mason Tennis Classic – Doubles,america
2009 Pilot Pen Tennis,america
2009 Pilot Pen Tennis,United States of America
2009 Scheldeprijs,belgium
2009 Thai Super Cup,Thailand
2009 Virginia gubernatorial election,america
2010 African Badminton Championships,+256
2010 African Badminton Championships,Uganda
2010 European Athletics Championships,kingdom of spain
2010 US Open Badminton Championships,United States of America
2011 African Badminton Championships,al-maġrib
2011 Australian Grand Prix,'straya
2011 UCI Road World Championships,danemark
2011 UCI Road World Championships – Women's road race,danemark
2012 AEGON Classic,United Kingdom
2012 Copa Sony Ericsson Colsanitas,colombia
2012 European Grand Prix,kingdom of spain
2012 European Grand Prix,Spain
2012 Filipino Badminton Championships,Philippines
2012 Irish Badminton Championships,Ireland
2012 New Haven Open at Yale,america
2012 New Haven Open at Yale,United States of America
2012 Tirreno–Adriatico,Italy
2012 Tokyo gubernatorial election,iapan
2012 Toray Pan Pacific Open,iapan
2012 UCI Road World Championships,holland
2012 UCI Road World Championships – Women's road race,holland
2012 United States House of Representatives elections in Hawaii,america
2012 United States House of Representatives elections in Hawaii,United States of America
2012 US Open Badminton Championships,United States of America
2013 AFC Futsal Club Championship,Japan
2013 Danmark Rundt,danemark
2013 Eneco Tour,belgium
2013 Eneco Tour,holland
2013 Filipino Badminton Championships,Philippines
2013 La Flèche Wallonne Féminine,Belgium
2013 New Haven Open at Yale,america
2013 Virginia gubernatorial election,america
2014 AFC Women's Asian Cup qualification,socialist republic of viet nam
2014 Big One for One Drop,United States of America
2014 Caribbean Cup,United States of America
2014 Connecticut Open,america
2014 Connecticut Open,United States of America
2014 Danmark Rundt,danemark
2014 EMF miniEURO,Montenegro
2014 Indian general election in Chhattisgarh,al hind
2014 Indian general election in Karnataka,al hind
2014 Indonesia Super Series Premier,Indonesia
2014 Irish Badminton Championships,Ireland
2014 La Flèche Wallonne Féminine,Belgium
2014 Tirreno–Adriatico,Italy
2014 Tokyo gubernatorial election,iapan
2014 United States House of Representatives election in Guam,america
2014 United States House of Representatives election in Guam,United States of America
2014 United States House of Representatives election in South Dakota,america
2014 United States House of Representatives election in South Dakota,United States of America
2014 United States House of Representatives election in the Northern Mariana Islands,United States of America
2014 United States House of Representatives elections,america
2014–15 LPB season,Portugal
2015 Connecticut Open,america
2015 Connecticut Open,United States of America
2015 Danish general election,Denmark
2015 Giro del Piemonte,Italy
2015 Indonesia Super Series Premier,Indonesia
2015 La Flèche Wallonne Féminine,Belgium
2015 Paris–Roubaix,france
2015 POMIS Cup,Malaysia
2015 Tirreno–Adriatico,Italy
2015–16 Cypriot First Division,cyprus
2015–16 Cypriot First Division,Republic of Cyprus
2015–16 LNB Pro A season,France
2016 Asian Junior Badminton Championships,Thailand
2016 BYU Cougars men's volleyball team,america
2016 BYU Cougars women's volleyball team,america
2016 CONCACAF Futsal Championship,Costa Rica
2016 Connecticut Open,america
2016 Connecticut Open,United States of America
2016 European Grand Prix,az
2016 European Grand Prix,Azerbaijan
2016 Indonesia Open Superseries Premier,Indonesia
2016 Irish Badminton Championships,Ireland
2016 La Flèche Wallonne Féminine,Belgium
2016 Le Samyn,Belgium
2016 Malaysia Super Series Premier,federation of malaysia
2016 MercedesCup,federal republic of germany
2016 New York and New Jersey bombings,america
2016 New York and New Jersey bombings,United States of America
2016 Scheldeprijs,Belgium
2016 Toray Pan Pacific Open,iapan
2016 Tour de France,andorra
2016 Tour de France,confoederatio helvetica
2016 Tour de France,france
2016 Tour de France,kingdom of spain
2016 Tour de l'Ain,France
2016 United States presidential election in Pennsylvania,america
2016 Volta a Catalunya,kingdom of spain
2016 Volta a Portugal,por
2016 Volta a Portugal,Portugal
2016-17 Ekstraklasa,Poland
2017 Asian Junior Badminton Championships,Indonesia
2017 BYU Cougars men's volleyball team,america
2017 Canadian Grand Prix,can
2017 Canadian Grand Prix,Canada
2017 Congressional baseball shooting,United States of America
2017 Connecticut Open,america
2017 Connecticut Open,United States of America
2017 European Athletics Indoor Championships,republic of serbia
2017 French Road Cycling Cup,france
2017 Grand Prix de Fourmies,france
2017 Har Adar shooting,il
2017 Har Adar shooting,Israel
2017 High Roller for One Drop,United States of America
2017 Indonesia Super Series,Indonesia
2017 Kuurne–Brussels–Kuurne,belgium
2017 Las Vegas shooting,United States of America
2017 Le Samyn,Belgium
2017 Milano–Torino,italia
2017 Minnesota Lynx season,america
2017 Paris–Troyes,France
2017 Port Authority Bus Terminal explosion,United States of America
2017 Presidential Tour of Turkey,republic of turkey
2017 Scheldeprijs,Belgium
2017 Super High Roller Bowl,United States of America
2017 Tirreno–Adriatico,italia
2017 Toray Pan Pacific Open,iapan
"2017 Tour de France, Stage 8",France
"2017 Tour de France, Stage 9",France
2017 Tour de l'Ain,France
2017 Tour Down Under,'straya
2017 Tour of the Basque Country,kingdom of spain
2017 Tre Valli Varesine,italia
2017 Utah Utes volleyball team,america
2017 Volta a Catalunya,kingdom of spain
2017 Volta a Portugal,Portugal
2017 Vuelta a España,andorra
2017 Vuelta a España,france
2017 Vuelta a España,kingdom of spain
"2017 Vuelta a España, Stage 15",Spain
2017 ZLM Tour,Netherlands
2017–18 USC Trojans men's basketball team,america
2018 Asian Junior Badminton Championships,Indonesia
2018 Astana,Kazakhstan
2018 Connecticut Open,america
2018 Connecticut Open,United States of America
2018 European Junior Badminton Championships,ee
2018 European Rowing Championships,g b
2018 Giro del Piemonte,Italy
2018 Indonesia Open Badminton Championships,Indonesia
2018 Le Samyn,Belgium
2018 Magnitogorsk building collapse,Russia
2018 Minsk-Arena Ice Star - ice dance rhythm dance,Belarus
2018 Minsk-Arena Ice Star - junior ice dance rhythm dance,Belarus
2018 Paris–Troyes,France
2018 Presidential Tour of Turkey,republic of turkey
2018 Salford City Council election in Barton,United Kingdom
2018 Salford City Council election in Claremont,United Kingdom
2018 Salford City Council election in Eccles,United Kingdom
2018 Salford City Council election in Irlam,United Kingdom
2018 Scheldeprijs,Belgium
2018 Strasbourg attack,France
2018 Tour de l'Ain,France
2018 Tour Down Under,'straya
2018 Tour of Norway,Norway
2018 Tour of the Basque Country,kingdom of spain
2018 UCI Road World Championships – Women's road race,austria
2018 Volta a Catalunya,kingdom of spain
2018 Volta a Portugal,Portugal
2018 Vuelta a Andalucía,kingdom of spain
2018 Vuelta a España,andorra
2018 Vuelta a España,kingdom of spain
2018 Winter Olympics,choson
2018 Winter Olympics,South Korea
2018 ZLM Tour,Netherlands
2018-19 Ekstraklasa,Poland
2019 Asian Junior Badminton Championships,People's Republic of China
2019 Boston Open Badminton Championships,United States of America
2019 Gran Piemonte,Italy
2019 Grand Prix de Plouay,France
2019 Indonesia Open Badminton Championships,Indonesia
2019 Internazionali Femminili di Palermo,Italy
2019 Le Samyn,Belgium
2019 Paris–Roubaix,france
2019 Pulwama attack,India
2019 Six Nations Championship,france
2019 Six Nations Championship,g b
2019 Six Nations Championship,hibernia
2019 Six Nations Championship,italia
2019 Tour de Langkawi,federation of malaysia
2019 Tour of Norway,Norway
2019 UCI Road World Championships – Women's road race,g b
2020 Asian Junior Badminton Championships,People's Republic of China
2020 Le Samyn,belgium
2020 Tarragona explosion,Spain
2023 Spanish Badminton Championships,Spain
2024 Spanish Badminton Championships,Spain
2025 Dutch International Badminton Championships,Kingdom of the Netherlands
2025 Spanish Badminton Championships,Spain
2026 Dutch International Badminton Championships,Kingdom of the Netherlands
2026 Spanish Badminton Championships,Spain
2027 Dutch International Badminton Championships,Kingdom of the Netherlands
2028 Dutch International Badminton Championships,Kingdom of the Netherlands
23rd Chess Olympiad,argentina
24th Chess Olympiad,Malta
26th U-boat Flotilla,german reich
283 Park Street North,Canada
285 Park Street North,Canada
287 Park Street North,Canada
29th Chess Olympiad,Yugoslavia
29th U-boat Flotilla,german reich
2nd U-boat Flotilla,german reich
30th Street Station,america
30th Street Station,United States of America
38 Clergy Street,Canada
3rd term of the Senate of the Republic of Poland,Poland
3rd U-boat Flotilla,german reich
4 oaks in Bažantnice,Czech Republic
40 Clergy Street,Canada
479 Bolivar Street,Canada
481 Bolivar Street,Canada
483 Bolivar Street,Canada
485 Bolivar Street,Canada
485½ Bolivar Street,Canada
487 Bolivar Street,Canada
489 Bolivar Street,Canada
4th Annual International Conference on Computational Social Science,United States of America
4th arrondissement of Paris,france
4th term of the Senate of the Republic of Poland,Poland
5th International Conference on Computational Social Science,Netherlands
5th term of the Senate of the Republic of Poland,Poland
8th term of the Sejm of the Republic of Poland,Poland
A Floresta e a Glória,Brazil
A. Gary Anderson Graduate School of Management,america
Aalten,holland
Aarhus University,danemark
Abbaye Blanche,France
Abdet,kingdom of spain
Abdet,Spain
Abdulinsky District,Russia
"Aberdeen, Hazlehead Avenue, Hazelhead Park, K6 Telephone Kiosk",United Kingdom
"Aberdeen, Maryland shooting",United States of America
"Abramov, Volgograd Oblast",federation of russia
"Abramov, Volgograd Oblast",Russia
ABS-CBN Corporation,philippine islands
ABSA Cargo Airline,Brazil
ABX Air,United States of America
Accrington War Memorial,United Kingdom
Acomayo Province,Peru
Adalaj Stepwell,India
Adam,Oman
Adams County,United States of America
Adelaide International,Australia
Adjara,european georgia
Adventure Line Productions,France
Advisory Council for the National Transition,kingdom of spain
Advisory Council for the National Transition,Spain
AEGEE-Tallinn,Estonia
AEGEE-Tartu,Estonia
Aemilia gens,ancient roman civilization
Aemilia gens,ancient Rome
African Meeting House,america
African Meeting House,United States of America
AG Weser,federal republic of germany
AG Weser,german empire
AG2R La Mondiale,france
Agrasen ki Baoli,India
Agrofert,Czech Republic
Ahura Mazda and Ardashir I,Iran
Aiglkofen,Germany
Aindling,federal republic of germany
Aindling,Germany
AirBridgeCargo Airlines,Russia
Aitkin County,United States of America
Ajax,Canada
Ajung,Indonesia
Akciabrski,Belarus
Akimiski Island Migratory Bird Sanctuary,can
Akimiski Island Migratory Bird Sanctuary,Canada
Akita,Japan
Akpabuyo,federal republic of nigeria
Akwesasne 59,Canada
Al Hamra,Oman
Al Lusail,Qatar
Al-Buraimi,Oman
Alabama Legislature,america
Alabama Senate,america
Alabama Senate,United States of America
Alakaʻi Swamp,United States of America
Alamosa County,United States of America
Albalat dels Sorells,kingdom of spain
Albania,albania
Albany County,United States of America
Albemarle Primary School,United Kingdom
Alberni-Clayoquot Regional District,Canada
Alberta,can
Albion Township,United States of America
Alcanada,kingdom of spain
Alcanada,Spain
Alcona Township,United States of America
Aleksandrów Łódzki,Poland
Alexandrovsk-Sakhalinsky District,Russia
Algansee Township,United States of America
Algoma Township,United States of America
Alicante,kingdom of spain
Alkmaar,dutch federation
Alkmaar,holland
Allegan Township,United States of America
Allegheny County,United States of America
Allen Township,United States of America
Allgemeiner Deutscher Fahrrad-Club,federal republic of germany
Allis Township,United States of America
AlloCiné company ID,France
Allouez Township,United States of America
Alluitsup Paa,gl
Alluitsup Paa,Greenland
allée Brancas,France
allée de la Tremperie,France
Almagrundet lighthouse,Sweden
Almandin,New Zealand
Almena Township,United States of America
Almira Township,United States of America
Almont Township,United States of America
Aloha Township,United States of America
Alt Empordà,kingdom of spain
Alt Empordà,Spain
Alt Penedès,kingdom of spain
Alte Rheinbrücke,Switzerland
Altenburg,federal republic of germany
Altes Museum,federal republic of germany
Alto Bío Bío,Chile
Alto del Carmen,Chile
Altomünster,federal republic of germany
Altomünster,Germany
Alé Cipollini 2019,Italy
Ambatomainty,Madagascar
Ambilobe,Madagascar
Ambulu,Indonesia
American Numismatic Society,america
American Samoa House of Representatives,United States of America
AMiBA,america
Amritavarshini Vav,India
Amsterdam Centraal,Netherlands
Anambra State,federal republic of nigeria
Ancient Greek theatre of Aigeira,Greece
ancient Greek theatre of Pleuron,Greece
ancient Greek theatre of Sicyon,Greece
ancient theater of Calydon,Greece
Ancient theater of Chaeronea,Greece
Ancient theatre of Philippi,Greece
Anderson's Hostel,United Kingdom
Andramasina,Madagascar
Andrés Ibáñez Province,Bolivia
Animator.ru person ID,Russia
Anoia,kingdom of spain
Ansitz Herzoghof Krems,Austria
Ansitz Sonnenburg,Austria
Anton-Schrammel-Hof,Austria
"Antonine Wall and Mumrills fort, Sandy Loan to A905, Falkirk",United Kingdom
"Antonine Wall, 120m SSW of Woodside Cottage",United Kingdom
"Antonine Wall, 170m NNW to 305m NE of Falkirk High School",United Kingdom
"Antonine Wall, 320m S of Inchyra Grange Hotel",United Kingdom
"Antonine Wall, 350m SSE of Inchyra Grange Hotel",United Kingdom
"Antonine Wall, Balmore Road to Summerston",United Kingdom
"Antonine Wall, Callendar Park, Falkirk",United Kingdom
"Antonine Wall, Crow Hill to Balmore Road",United Kingdom
"Antonine Wall, Lime Road to Tamfourhill",United Kingdom
"Antonine Wall, Millhall Burn to River Avon",United Kingdom
"Antonine Wall, River Kelvin to 120m NE of Balmuildy Cottages",United Kingdom
"Antonine Wall, Seabegs Wood, rampart, ditch and Military Way",United Kingdom
"Antonine Wall, Summerston to River Kelvin",United Kingdom
"Antonine Wall,Nether Kinneil-Inveravon,rampart & ditch",United Kingdom
Antuco,Chile
Aomori Prefecture,iapan
Apollo 13,america
Apollo 14,america
Apollo 15,america
Applied nanoscience,Saudi Arabia
Appliqué inv. 724,Spain
Appliqué inv. 9472,Spain
Appliqué inv. 9619,Spain
Aquarius,Cayman Islands
Aquijo,Cayman Islands
Arabic,ae
Arabic,agawej
Arabic,al-maġrib
Arabic,al-sudan
Arabic,algeria
Arabic,arab rep. egypt
Arabic,bah
Arabic,cha
Arabic,dj
Arabic,er
Arabic,federal republic of somalia
Arabic,giordania
Arabic,il
Arabic,iq
Arabic,kingdom of saudi arabia
Arabic,kuwait
Arabic,lb
Arabic,lba
Arabic,mali
Arabic,om
Arabic,palestine
Arabic,qa
Arabic,rep. yemen
Arabic,republic of south sudan
Arabic,republic of tunisia
Arabic,surya
Arapahoe County,United States of America
Arauco,Chile
Arbory Hill,United Kingdom
Archaeological site of Cabeço do Vouga,Portugal
Argentine deputy votations ID,Argentina
ARIA Patisserie,United States of America
Arivonimamo,Madagascar
Arizona Senate,United States of America
Arjasa,Indonesia
Arkansas Senate,United States of America
Armenian Catholic Archeparchy of Aleppo,Syria
Armia Krajowa,Poland
Armidale Dumaresq Shire,Australia
Army Cottage with return verandah,Australia
Arnasco,Italy
Aroma Province,Bolivia
Arrecife Algerine,Peru
Arthur's Seat,United Kingdom
Arthur-Schnitzler-Hof,Austria
Asaka District,Uzbekistan
ASC Pty Ltd,Australia
Ashkelon,Israel
Ashwood School Gymnasium and Auditorium,United States of America
ASL Airlines Belgium,Belgium
ASL Airlines Belgium,hibernia
Asseln wind farm,Germany
Asystel Novara,Italy
At-Bashi District,Kyrgyzstan
Athena,Cayman Islands
Atlanta,United States of America
Atlantic Fleet,United Kingdom
Atlantic Studios,United States of America
ATP Finals,United Kingdom
Atsimo-Andrefana,Madagascar
Atsimo-Atsinanana,Madagascar
Attic black-figure votive plate,Germany
attic geometric Neck amphora,Germany
Auf dem Bockshorn,Germany
Aughleam,Ireland
Aulavik National Park,Canada
Aurora—Oak Ridges—Richmond Hill,Canada
Außernbrünst,Germany
Avaria,Venezuela
"Avenue of palms, Mount Alexander Road",Australia
Aysén,Chile
Ayérou Department,Niger
Azuay Province,Ecuador
Azzam,United Arab Emirates
Azzurra Volley San Casciano,Italy
Babruysk Voblast,Soviet Union
Babuganj Upazila,Bangladesh
Baca County,United States of America
BadLand Games,Spain
Bafing-Source Ramsar Site,Guinea
Bagno mit Steinfurter Aa,Germany
Bahçeli Kayaları,Turkey
Baie de l'Isle-Verte National Wildlife Area,Canada
Baix Camp,Spain
Baix Penedès,Spain
Baj Pomorski Theater,Poland
Bakerganj Upazila,Bangladesh
Bakers Narrows Provincial Park,Canada
bakery in Oulun Osuuskauppa,Finland
Balleyara Department,Niger
Balmain,France
Baltic Fleet,Russia
Balung,Indonesia
Bamna Upazila,Bangladesh
Banaripara Upazila,Bangladesh
Banc Matuhu,France
Banca Fideuram,Italy
Bangsalsari,Indonesia
Banibangou Department,Niger
Bankass Cercle,Mali
Bankilaré Department,Niger
Bankura district,India
Bantolinao Point Lighthouse,Philippines
Bardo,Poland
Bargeton ID,France
"Barking, Havering and Redbridge University Hospitals NHS Trust",United Kingdom
Barmoor Castle,United Kingdom
Barn And Dovecot To Hammonds Farm,United Kingdom
Barrage du Châtelot,Switzerland
Bashkia e Fushe-krujes,Albania
Basilica of Assumption and Saints Cyril and Methodius,Czech Republic
Basilica of Our Lady of the Assumption and St. Nicholas,Czech Republic
Basilica of Saint Anthony of Padua,Italy
Basilica of the Assumption,Czech Republic
Basketball-Reference.com WNBA coach ID,United States of America
Basketball-Reference.com WNBA player ID,United States of America
Basse Lédan,France
Bastion Saint-André,France
Bastion V,Belgium
Bastion VIII,Netherlands
Baumberge,Germany
Bayham Old Abbey,United Kingdom
Bazaar Haj Zaman,Iran
Bazaar of Kermanshah,Iran
Baštové sedlo,Slovakia
Beach Hotel,United States of America
Beacon of Home cape,Spain
Beacon of Punta Couso,Spain
Beacon of Tampo island,Spain
Beaumont Children's Museum,United States of America
Bebelhof,Austria
Beckett Creek Migratory Bird Sanctuary,Canada
Belarusian National Road Race Championships,Belarus
Belbédji Department,Niger
Belgian military cemetery in Hoogstade,Belgium
Belgium,Belgium
Bella Paulista,Brazil
Beltrami County,United States of America
Beni Suef Governorate,Egypt
Beniaján,Spain
Benton County,United States of America
Bergum,Sweden
Bergwerk Käpfnach,Switzerland
Bergwerk Thülen,Germany
Bergwiesen Lippe mit Buchheller- und Mischebachtal,Germany
Berkel,Germany
Berkshire,United Kingdom
Berlin Hackescher Markt station,Germany
Berlin Südkreuz station,Germany
Betagi Upazila,Bangladesh
Betriebsbahnhof Rummelsburg station,Germany
Bezymyanka,Russia
Beşiktaş Women's Volleyball Team,Turkey
BFI Filmography person ID,United Kingdom
Bhola Sadar Upazila,Bangladesh
Białostocki Teatr Lalek,Poland
Biblioteca Casanatense,Italy
Biblioteca di archeologia e storia dell'arte,Italy
Biblioteca Medicea Laurenziana,Italy
Biblioteca Nazionale Centrale di Roma,Italy
Biblioteca nazionale di Cosenza,Italy
Biblioteca nazionale Sagarriga Visconti-Volpi,Italy
Biblioteca nazionale Vittorio Emanuele III,Italy
Biblioteca Palatina di Parma,Italy
Biblioteca Riccardiana,Italy
Bibliothèque nationale de France ID,France
Bielenberg mit Stollen,Germany
Bierutów,Poland
Big Cleaninghole,United States of America
Bigla 2019,Denmark
Biharamulo District,Tanzania
Bijdragen en Mededelingen Betreffende de Geschiedenis der Nederlanden,Kingdom of the Netherlands
Bildstock und Wegestein Crostwitz Richtung Neudörfel,Germany
Binneberg,Sweden
Birbhum district,India
Birch Point Provincial Park,Canada
Birmingham pub bombings,United Kingdom
Biskopsgården,Sweden
Bitola inscription,First Bulgarian Empire
Bitterna,Sweden
Bizair,Germany
Bjurum,Sweden
Bjärby,Sweden
Björkekärr,Sweden
Björketorp,Sweden
Black River-Matheson,Canada
Black Sea Fleet,Russia
Black Street's gate in Brașov,Romania
Blackford Hill,United Kingdom
Bleddiner Riß,Germany
Bliesaue zwischen Blieskastel und Bliesdalheim,Germany
Blowing snow and sea ice surfaces as a source of polar sea salt aerosol,United Kingdom
Blue Harbor Resort,United States of America
Bobr,Belarus
Bocholt,Germany
Bodorgan Hall,United Kingdom
Boeny,Madagascar
Bolków,Poland
Bolshaya Glushitsa,Russia
Bolshemedvedevsky,Russia
Bolshoy,Russia
Bolshoy Oreshkin,Russia
Bonchester Hill,United Kingdom
Bondoukou Department,Ivory Coast
Bongolava,Madagascar
Bonus Township,United States of America
Boorowa Shire,Australia
Bopa,Benin
Borgo Chiese,Italy
Borj El Barmil,Morocco
Borj Es-Salam,Morocco
Borj Lalla Qadiya,Morocco
Borj Sirat,Morocco
Borkener See,Germany
Bornova Ice Sports Hall,Turkey
Borsky District,Russia
Boränget Sveden,Sweden
Bosphorus Istanbul Cup 2018 - senior ice dance rhythm dance,Turkey
Boston Marathon bombings,United States of America
Botana Reef,Papua New Guinea
Botanical Garden of the University of Zurich,Switzerland
Botnvika,Norway
Bouchon,United States of America
Boudh district,India
"Boundary Wall To Grosvenor House, Grosvenor Mount",United Kingdom
Boundary Wall With Gate Piers And Gates To Spring Hill And Elmfield,United Kingdom
"boundary walls to 1, 3 and 5 Grosvenor Mount",United Kingdom
Boutlélis District,Algeria
Bowie Mill Park,United States of America
Bradford,United Kingdom
Brambletye School,United Kingdom
Brampton,Canada
Brand,Germany
Bravo Eugenia,Cayman Islands
Breisgau-Hochschwarzwald,Germany
Breitenstein Castle,Germany
Bremen Township,United States of America
Bremenfly,Germany
Brenner Regional Council,Israel
Brent River College,United Kingdom
Brenztalbrücke,Germany
Bridgewater Town Hall and Jail,United States of America
Brighton/Worthing/Littlehampton,United Kingdom
Brisbane International,Australia
Bristol City Council,United Kingdom
"Bristol Mill, Edinburgh Road",United Kingdom
British Thomson-Houston Company War Memorial,United Kingdom
Brooklyn Heights Historic District,United States of America
Broomhillbank Hill,United Kingdom
Brown County,United States of America
Bruderhaus,Germany
Brunoy obelisk,France
Bryden Country School,Zimbabwe
Brämaregården,Sweden
Brämhult,Sweden
Brålanda,Sweden
Bråttensby,Sweden
Brézina District,Algeria
BSAT-4a,Japan
Bubach,Germany
Buckhart Township,United States of America
Buckower Chaussee station,Germany
Budapest Bábszínház,Hungary
Budvar Arena,Czech Republic
Bueng Ba,Thailand
Building 18010-18,Israel
Building 18010-91,Israel
Building 18011-122,Israel
Building 18011-20,Israel
Building 18011-85,Israel
Building 18110-1,Israel
"Buildings VB13, 15, 16 & 17",Australia
Buk lesní v Třebovicích,Czech Republic
Buk červenolistý v Karviné,Czech Republic
Bundestag of Germany,Germany
Bundeswehrkrankenhaus,Germany
Bunker Battery Den Hoorn,Netherlands
BURA,Chile
Burg Schönweer,Austria
Burhanuddin Upazila,Bangladesh
Burnham Westgate Hall,United Kingdom
Burov,Russia
Bust of a young girl-RHO.2007.00.1941,France
Bust of Charles Bonnet-MAH 1825-0027,Switzerland
Bust of Comenius,Czech Republic
Bust of Jean-Jacques Rousseau-MAH 1825-0028,Switzerland
Butler Hump,Australia
Bystré sedlo,Slovakia
Bäcke,Sweden
Bäckebol,Sweden
Békásmegyer Explosion,Hungary
Békéscsaba,Hungary
Bình Thạnh,Vietnam
Bóbita Bábszínház,Hungary
Böfinger Halde power station,Germany
C.S. Veritas,Netherlands
Cala Ca's Xirimier,Spain
Cala Dèntol,Spain
Cala Figuera,Spain
Calder Woodburn Memorial Avenue,Australia
Caldera,Chile
California Department of Corrections and Rehabilitation,United States of America
California State Senate,United States of America
Calpurnia gens,ancient Rome
Calw,Germany
Caló de S'Estaca,Spain
Camden Post Office,Australia
Campeonato Ecuatoriano de Futbol Femenino,Ecuador
Campeonato Nacional da Guiné-Bissau,Guinea-Bissau
Canterbury Post Office,Australia
canton of Arnay-le-Duc,France
canton of Lormont,France
canton of Mérignac-1,France
canton of Nuits-Saint-Georges,France
canton of Pessac-2,France
canton of Saint-Médard-en-Jalles,France
canton of Saint-Pons-de-Thomières,France
canton of Talence,France
canton of Thury-Harcourt,France
canton of Vic-sur-Aisne,France
Canyon Sram Racing 2017,Germany
Cap Harvey,Liberia
"Capela Inglesa, Rua dos Barbonos e Arcos",Brazil
Capia štrbina,Slovakia
Carbisdale Castle,United Kingdom
Carbon County,United States of America
Carmo Convent,Portugal
Carnival Films,United Kingdom
Carnival of Alhama de Granada,Spain
Carnival of Alsasua – Altsasu,Spain
Carnival of Basel,Switzerland
Carnivals of Lantz,Spain
Carrec Hir,France
Carter County,United States of America
Carvel Rock,United Kingdom
Carver County,United States of America
Casa dei Cubicoli floreali,Italy
Casa del Moralista,Italy
Casa di Cecilio Giocondo,Italy
Casa di Laocoonte,Italy
Casa Pia and College of the Orphans of Saint Joachim,Brazil
Casanova Lerrone,Italy
Cascade Township,United States of America
Casciana Terme Lari,Italy
CasinoKoksijde,Belgium
Cass County,United States of America
Castiraga Vidardo,Italy
Castra Lambaesis,Algeria
Castra Mediana,Germany
Castra of Altenstadt,Germany
Castra of Arnsburg,Germany
Castra of Lorch,Germany
Castra of Niederbieber,Germany
Castra of Oberhochstatt,Germany
Castra of Osterburken,Germany
Castra of Ruffenhofen,Germany
Castro de Castro Verde,Portugal
Castro de Lama de Ouriço,Portugal
Castro de Nandufe,Portugal
Castro de Roques,Portugal
Castro of Monte Mozinho,Portugal
Castro of Monte Mozinho,Roman Empire
Castrum Altinum,Germany
Catalans Dragons,France
Cathedral of the Archangel,Russia
Catherine Point,Australia
Cava do Viriato,Portugal
Cavalry and Guards Club,United Kingdom
Cañada Barranquitas,Mexico
Cañada Chupadero,Mexico
Cañada El Chiapaneco,Mexico
Cañada El Pegadito,Mexico
Cañada La Minita,Mexico
Cañada La Mula,Mexico
Cañada Rincón del Oso,Mexico
Cañada Timones,Mexico
CC Belgica,Belgium
CC De Borre,Belgium
CC Gildhof,Belgium
CC Lokeren,Belgium
CC Sint-Niklaas,Belgium
CC Ter Dilft,Belgium
Cemetery Wall With Blocked Gateway On North West Side,United Kingdom
Central Mass Mobilization Commission of the Communist Party of Vietnam,Vietnam
Central Volga Krai,Soviet Union
Centre Township,United States of America
Centre Union,Greece
Centro Federico García Lorca,Spain
Cerdanya,Spain
Cesnola krater,United States of America
Chakhivskyi nature reserve,Ukraine
Chaldean Catholic Archeparchy of Bagdad,Iraq
Chaldean Catholic Archeparchy of Kirkuk,Iraq
Chaldean Catholic Archeparchy of Mosul,Iraq
Chandlerville Township,United States of America
Changjiangyuan bridge,People's Republic of China
Chapple,Canada
Chaussée des Almadies,Senegal
Chaussée des Moules,France
Chellala District,Algeria
Chelmsford,United Kingdom
Chesbro Music Company,United States of America
Chester County,United States of America
Cheyenne County,United States of America
Chiba,Japan
Chiclayo Province,Peru
Chidley Point,Australia
Children's Museum of Cleveland,United States of America
Children's Museum of Houston,United States of America
Children's Museum of Los Angeles,United States of America
Children's Museum of Phoenix,United States of America
Children's Museum of Richmond,United States of America
Children's Museum of Science and Technology,United States of America
Chimney at Camí de les Serratelles,Spain
Chimney of Hort de la Colegiala,Spain
Chimney of Hort de la Creu,Spain
Chimney of Hort de Pobil,Spain
Chimney of Hort del Notari,Spain
Chimney of Jesús Bueno Factory,Spain
"Chimney of Motor del Dorado, Catarroja",Spain
"Chimney of Polígon 3, Parcel·la 23i, Catarroja",Spain
Chimney of Ricardo Martínez brickyard,Spain
Chimneys of brickyards in Alfara del Patriarca,Spain
China Township,United States of America
Chions,Italy
Chisipite Senior School,Zimbabwe
Chodovský buk,Czech Republic
Chongjin,North Korea
Chongju,North Korea
Chornomorske Raion,Russia
Chot Nong Kae,Thailand
Chouteau County,United States of America
Christchurch mosque shootings,New Zealand
Christian Dior S.A.,France
Christina O,Malta
Chroustovice,Czech Republic
Chugach National Forest,United States of America
Chumphon Bay,Thailand
Church of the Exaltation of the Holy Cross,Czech Republic
Churra,Spain
Chuy District,Kyrgyzstan
châteauesque,France
cinematografo.it name or company ID,Italy
Citibank,United States of America
city wall of Montfoort,Netherlands
Ciudad de Palma,Republic of Cyprus
Civil Defence Cross of Honour,Norway
Civil Service Rifles War Memorial,United Kingdom
Claremont Hotel & Spa,United States of America
Clark County,United States of America
Clash of Champions,United States of America
Claudia gens,ancient Rome
Clay County,United States of America
Clayton Township,United States of America
Clifford Township,United States of America
Clwyd County Council,United Kingdom
Coastal Fleet,Sweden
Colegio Mayor Diego de Covarrubias,Spain
Colegio Mayor Universitario Chaminade,Spain
Colegio Mayor Universitario San Juan Evangelista,Spain
College Hall,United Kingdom
Collingwood Primary School,United Kingdom
Cologne I,Germany
Coloma Charter Township,United States of America
Colombian National Road Race Championships,Colombia
Columbia River Shipbuilding Company,United States of America
Comarcal Council of Baix Camp,Spain
Comarcal Council of Baix Penedès,Spain
Comarcal Council of Priorat,Spain
Comarcal Council of Ribera d'Ebre,Spain
Comisión Nacional de los Mercados y la Competencia,Spain
Complejo educativo Virgen de la Peana,Spain
Comè,Benin
Conejos County,United States of America
Conference on Natural Language Processing 2019,Germany
Congaree River Swamp,United States of America
Connecticut Department of Correction,United States of America
CONOR ID,Slovenia
Consejo Económico y Social,Spain
Consell Jurídic Consultiu de la Comunitat Valenciana,Spain
Constantinople,Byzantine Empire
Constantinople,Latin Empire
constituency for the Bundestag election Mülheim – Essen I,Germany
Continentale Deutsche Luftreederei,Germany
Convento da Ajuda,Brazil
Cooma-Monaro Shire,Australia
Coonamble,Australia
Cooper Township,United States of America
Copa Catalunya de futbol femenina,Spain
Copa de la Reina de Fútbol,Spain
Coral Pink Sand Dunes State Park,United States of America
Cornell University,United States of America
Coronel,Chile
Corowa,Australia
Corrimal,Australia
Cosco Africa,Panama
Cosco America,Panama
Cosmonaut Games,Spain
Costa Rican women's football championship,Costa Rica
Costilla County,United States of America
Council for Statutory Guarantees of Catalonia,Spain
Coupe de la Ligue,France
cour Bérard,France
cour Damoye,France
cour de la Ferme-Saint-Lazare,France
cour des Fabriques,France
cour des Petites-Écuries,France
cour du Chêne-Vert,France
cour du Commerce-Saint-André,France
cour du Coq,France
cour du Minervois,France
cour Jasmin,France
cour Saint-Éloi,France
cour Saint-Émilion,France
Covered Bridge,United States of America
Cowra,Australia
Creag na h-Eararuidh,United Kingdom
Croatian National Road Race Championships,Croatia
Cross,United Kingdom
Cross Approximately 5 Metres South Of South Porch Of Church Of St Peter And St Paul,United Kingdom
Cross At Sp 1760 9121,United Kingdom
Cross Base And Sundial Approximately 21 Metres To North Of Chancel Of Church Of St Mary,United Kingdom
Cross Base On North Side Of Lane To St Oswalds,United Kingdom
Cross In Churchyard 14 Yards South Of Door To Chancel,United Kingdom
Cross In Churchyard About 25 Metres South Of Church Of All Saints,United Kingdom
Cross of Merit,Poland
Crown Perth,Australia
Croydon,Australia
Cruise Olympia,Italy
Csongrád,Hungary
Ctiborův dub,Czech Republic
Cuba Township,United States of America
Cumberland,Australia
Cumberland,United Kingdom
CUNY Graduate School of Journalism,United States of America
Currie Point,Australia
Custer National Forest,United States of America
Czech National Road Race Championships,Czech Republic
Dabakala Department,Ivory Coast
Dacorum,United Kingdom
Daejeon KGC,South Korea
Dakota County,United States of America
Dallas–Fort Worth metroplex,United States of America
Damagaram Takaya Department,Niger
Danau Lasi,Indonesia
Daniel Alcides Carrión Province,Peru
Darmstadt Government Region,Germany
Dartmouth power station,Australia
Dawson Reef,Papua New Guinea
De Warande,Belgium
Dead Horse Point State Park,United States of America
Debagarh district,India
Dee Side House Youth Hostel,United Kingdom
Delaware County,United States of America
Delta County,United States of America
Delta King,United States of America
Delta Queen,United States of America
Department for Education and Skills,United Kingdom
Department of Education,United Kingdom
Desamparados,Costa Rica
Desibeli.net,Finland
Desperado,United States of America
Deutsche Bahn,Germany
Deutsche Gesellschaft für Internationale Zusammenarbeit,Germany
Deutsche Röntgengesellschaft,Germany
Devotional pillar in Brtníky,Czech Republic
DHL Air UK,United Kingdom
Diablo Dam,United States of America
Diputación de Salamanca,Spain
Diputación Provincial de Palencia,Spain
Diputación Provincial de Segovia,Spain
Diputación Provincial de Teruel,Spain
Diputación Provincial de Toledo,Spain
Disney's Contemporary Resort,United States of America
Disney's Coronado Springs Resort,United States of America
Disney's Yacht Club Resort,United States of America
Ditzingen,Germany
División de Honor Femenina de Rugby,Spain
Djakotomey,Benin
Dobročkov,Czech Republic
Dolores County,United States of America
Don Du,Thailand
Donghuamen Subdistrict,People's Republic of China
Dongsheng Manchu and Mongol Ethnic Township,People's Republic of China
Dorchester Square and Place-du-Canada Heritage Site,Canada
Dordrecht railway station,Netherlands
Dortmund Stadtbahn,Germany
Douthat State Park,United States of America
Dovecot And Barn 20 Yards To East Of Manor Farm House,United Kingdom
Dovecote And Barn Aproximately 25 Metres East Of The Old Rectory,United Kingdom
Dovecote at Esgonty Farm,United Kingdom
Dovecote at Old Rectory,United Kingdom
Dovecote at Pickhill Old Hall,United Kingdom
Dovecote to east of Cefn Henllan Farmhouse,United Kingdom
Dr.-Franz-Klein-Hof,Austria
Dravo Corporation,United States of America
Dračia hlava,Slovakia
Dreamh Record,Angola
drinking fountain Helvetiaplatz,Switzerland
Drummondville,Canada
Drybin,Belarus
Drážní buk,Czech Republic
Dubrava Hydroelectric Power Plant,Croatia
Duckterath station,Germany
Duermenqin,People's Republic of China
Dukan Dam,Iraq
Dunaújváros,Hungary
Dundee Law,United Kingdom
Dunman,United Kingdom
Dunsinane Hill,United Kingdom
Dutch National Road Race Championships,Netherlands
Dvořákův platan,Czech Republic
Dzvina basin,Russia
Dáil Éireann,Ireland
Eagle House School,United Kingdom
East Bay Migratory Bird Sanctuary,Canada
East Reef,Papua New Guinea
Eastbourne International,United Kingdom
Eastern Fleet,Saudi Arabia
Ecce Homo,Czech Republic
Ecclesiastical Province of Bangkok,Thailand
Ecclesiastical province of Košice,Slovakia
Ecclesiastical province of Olomouc,Czech Republic
Ecclesiastical province of Pamplona and Tudela,Spain
Edge Grove School,United Kingdom
"Edinburgh, Grassmarket, K6 Telephone Kiosk",United Kingdom
Edmondbyers Youth Hostel,United Kingdom
Eguzon Dam,France
EgyptAir Cargo,Egypt
Eighth Amendment of the Constitution of Ireland,Ireland
Eighth International Conference on Learning Representations,Ethiopia
Eindhoven Central railway station,Netherlands
Eislingen/Fils,Germany
Eisstadion Biel,Switzerland
Ejnar Mikkelsen Fjeld,Greenland
Ekenäs,Finland
Ekonomist,Montenegro
el Crous,Spain
"El Palmar, Murcia",Spain
el Perer,Spain
el Reig,Spain
El Soler de Mansolí,Spain
El Vilar,Andorra
Eleventh Street School,United States of America
Elimination Chamber,United States of America
Emanuel Swedenborg,Sweden
Emden,Germany
Emmendingen,Germany
En Toull Bihan,France
Engelbrecht Church,Sweden
Engure Municipality,Latvia
EnjoyUp Games,Spain
Entrada da barra,Brazil
Enviksbyn,Sweden
Episcopal Palace,Hungary
Equanimity,Cayman Islands
Eritrea,Eritrea
Ernakulam,India
Ernst-Thälmann-Denkmal,Germany
Esch-sur-Sûre Dam,Luxembourg
ESPN,United States of America
Estação arqueológica da Pedra de Ouro,Portugal
Esteban Arce Province,Bolivia
Estonian Students' Society,Estonia
Esztergom,Hungary
European Air Transport,Germany
European Air Transport Leipzig,Germany
Evangelical Lutheran Church in Brunswick,Germany
Evangelical Lutheran Church in Northern Germany,Germany
Evangelical Lutheran Church of Mecklenburg,Germany
Excalibur Hotel and Casino,United States of America
Explore & More Children's Museum,United States of America
Fachhochschule Kiel,Germany
Faculdade Cásper Líbero,Brazil
Fairy Stone State Park,United States of America
Fannbyn,Sweden
Fastlane,United States of America
Federation Cup,India
Fendi,Italy
Fenerbahçe Women's Volleyball,Turkey
Fenollet,Spain
Feodosiya,Russia
Feothanach,Ireland
FFF female player ID,France
Fiat S.p.A.,Italy
Filadelfia de Guanacaste,Costa Rica
FilmTv.it person ID,Italy
Finavia,Finland
Finnish League Cup,Finland
Fire Station Inn,Australia
First inauguration of Harry S. Truman,United States of America
First inauguration of Richard Nixon,United States of America
first inauguration of Theodore Roosevelt,United States of America
First inauguration of Thomas Jefferson,United States of America
First inauguration of Ulysses S. Grant,United States of America
First Landing State Park,United States of America
Fiscaglia,Italy
Fisherman's Bastion,Hungary
Fishing Cone,United States of America
Flathead National Forest,United States of America
Fleca Balmes,Spain
Flintshire,United Kingdom
Florida Department of Corrections,United States of America
flying geese,Switzerland
Fontaine-lavoir de Montagney,France
Fontainejean Abbey,France
Forever Unbridled,United States of America
Former Leeds Central High School,United Kingdom
Forn de pa artesà,Spain
Fort Gellibrand,Australia
Fort Hoskins,United States of America
Fort Kastella,Indonesia
Fort Laughlin,United States of America
Fort of Saint Antony Além‐do‐Carmo,Brazil
Fort of the Holy Cross,Brazil
Fort Reuenthal,Switzerland
Fort Robert Smalls,United States of America
Fort Yuma,United States of America
Fortaleza de São José de Macapá,Brazil
Forte de Santo Antônio da Barra,Brazil
Fortificació de Boí,Spain
Fortress of Our Lady of Pleasures of Pau Amarelo,Brazil
fountain Muristalden,Switzerland
fountain Nydegghöfli,Switzerland
France,France
Frauen DFB Pokal,Germany
Fredhällsbron,Sweden
Freistätter Moor,Germany
Fremont County,United States of America
Freyung,Germany
Frieberting,Germany
"Front wall, gate piers and gates to 17 North Hill Road",United Kingdom
Frosta Härad heritage association,Sweden
Fshajt Bridge,Kosovo
Fukushima,Japan
Fulda,Germany
Funamichō Station,Japan
Funkerberg,Germany
Furkotské sedlo,Slovakia
FXX,United States of America
G&L Musical Instruments,United States of America
Gallatin County,United States of America
Gamboa e Caju,Brazil
Gamelan joged bumbung,Indonesia
Gandrung,Indonesia
"Garden Terrace, Walls And Gateway To Number 2 Hilton Court",United Kingdom
Garden Wall And Gateway To North Grange,United Kingdom
Garrick Club,United Kingdom
Gary Air Force Base,United States of America
"Gates, Wall and Bollards to 89 Weetwood Lane",United Kingdom
Gauthier,Canada
Gazprombank,Russia
Gdov Kremlin,Russia
Gdyel District,Algeria
Geislingen an der Steige,Germany
Gellener Torfmöörte,Germany
"Gemeindebau Breitenseer Straße 106-108, Penzing",Austria
General Mills,United States of America
George Cross,United Kingdom
Georgia State Senate,United States of America
Georgian Forest Park,United States of America
German Democratic Party,Weimar Republic
German People's Party,German Reich
Gerner Maersk,Denmark
Gerry Weber Open,Germany
Gesala,People's Republic of China
Gesellschaft für Informatik,Germany
Ghat District,Libya
Ghazhien-Yurt rural settlement,Russia
Ghent Altarpiece,Belgium
Gifu Freight Terminal,Japan
Gila National Forest,United States of America
Girl in a Wetsuit,Canada
Girls Hostel,United Kingdom
Girls' College,Zimbabwe
Giske Bridge,Norway
Glasgow Air Force Base,United States of America
Glasgow Cenotaph,United Kingdom
Glazer Children’s Museum,United States of America
Glen Innes Post Office,Australia
Glenfield Park,United States of America
Gletscherschliff Jachenau,Germany
Glock Software,Germany
Gnadenhutten massacre,United States of America
Goa Shipyard Limited,India
Gobyoyama Kofun,Japan
Gold Hill Township,United States of America
Golden Roof,Austria
Goldridge College,Zimbabwe
Golfe du Morbihan Regional Natural Park,France
Good Magic,United States of America
Goosenecks State Park,United States of America
Gorjansko military cemetery,Slovenia
Gormley,United States of America
Gothèye Department,Niger
Gotthelf memorial,Switzerland
Gran Premio Femenino de Plouay 2018,France
Grand Accélérateur National d'Ions Lourds,France
Grand Army of the Republic Cemetery,United States of America
Grand Bazaar,Iran
Grand Matsu Temple,Taiwan
"Grane Mill, Haslingden Including Boundary Walls And North Yard",United Kingdom
Granfors Hydroelectric Power Station,Sweden
Granite LDS Ward Chapel-Avard Fairbanks Studio,United States of America
Grant County,United States of America
Gray Bulger Geyser,United States of America
Graz,Austria
Great Theatre of Argos,Greece
Greater Madawaska,Canada
Greek National Road Race Championships,Greece
Green damask wall hangings,France
Groeve Keutenberg,Netherlands
Groeve Midweg,Netherlands
Groeve Moonen,Netherlands
Groeve Putberg,Netherlands
Groß-Gerau,Germany
Großer Mewenbruch,Germany
Group of three oaks,Czech Republic
Grödinge heritage association,Sweden
GS Caltex Seoul KIXX,South Korea
GSAT-14,India
Guayas Province,Ecuador
Gulliver Schools,United States of America
Gunnevera,United States of America
Gustaf Dalén,Finland
Gwent County Council,United Kingdom
Gyeongbuk Gimcheon Hi-pass,South Korea
Gyeongpo Ice Hall,South Korea
Gánovce,Slovakia
Góra,Poland
Göltzsch Viaduct,Germany
Göltzschtalbrücke,Germany
Gütersloh,Germany
Głogówek,Poland
Hachinohe Freight Terminal,Japan
Haeju,North Korea
Hafodunos,United Kingdom
Hailes Abbey,United Kingdom
Hakodate,Japan
Hamakua Marsh,United States of America
Hamburg Media School,Germany
Hamhung,North Korea
Hands Oval,Australia
Hangquellmoor bei Weihe,Germany
Hannah Bay Migratory Bird Sanctuary,Canada
Hanson-Taylor-Wright Heritage Site,Canada
Happy Joe's,United States of America
Hardin County,United States of America
Harike Wetland,India
Harlingen railway station,Netherlands
Harry Gibbons Migratory Bird Sanctuary,Canada
Hartmannsöd,Germany
Hasling,Germany
Haunersdorf,Germany
Havelock Township,United States of America
Havre Air Force Station,United States of America
Healey New Mill Including Attached Chimney,United Kingdom
Heiß,Germany
Hell in a Cell,United States of America
Hellenistic theatre of Dion,Greece
Hemelsmoor,Germany
Hepplewhite,United States of America
Here Comes The Sun,Cayman Islands
Hereford Army Airfield,United States of America
Hewlett-Packard,United States of America
Hezbollah,Lebanon
Hibiscus Coast,New Zealand
Hidaka Subprefecture,Japan
Hidalgo County,United States of America
High Bridge Trail State Park,United States of America
High View Primary School,United Kingdom
Himeji Kamotsu Station,Japan
Hinsdale County,United States of America
Hippodrome & Grand Theatre,United Kingdom
Hippodrome de Wallonie,Belgium
Hirschaid power station,Germany
Hladový buk u Dětřichovce,Czech Republic
HMCS Protecteur,Canada
HMCS Provider,Canada
HMS Agincourt,Brazil
HMS Beagle,Italy
HMS Malaya,United Kingdom
Hobart Airport Air Traffic Control Tower,Australia
Hochschule Stralsund,Germany
Hod HaSharon,Israel
Hoed,Denmark
Hoeryong,North Korea
Hof Aza Regional Council,Israel
Holberton School,United States of America
Hollich wind farm,Germany
Holy Cross Church,Germany
Holy Cross Preparatory School,United Kingdom
Holzbergwiesen,Germany
Holzbrücke Bad Säckingen,Switzerland
Holzbrücke Wettingen-Neuenhof,Switzerland
Home Fleet,United Kingdom
Home Ministry,Empire of Japan
Homenagem Ao Comendador Antonio Devoto,Brazil
Hony,Czech Republic
Horses Amphora,Greece
Hot Springs County,United States of America
House of Commons,United Kingdom
House of Freedom,Bolivia
House of Lucrezio Frontone,Italy
House of the Ara Maxima,Italy
House of the Ceii,Italy
House of the Dioscuri,Italy
House of the Golden Bracelet,Italy
House of the Indian Statuette,Italy
House of the Silver Wedding,Italy
House of the surgeon,Italy
House of Trebius Valens,Italy
Houéyogbé,Benin
Hualqui,Chile
Huckleberry Finn,Sweden
Huddersfield Giants,United Kingdom
Huichon,North Korea
Hull F.C.,United Kingdom
Humberside County Council,United Kingdom
Hungarian Front,Hungary
Hungry Mother State Park,United States of America
Hutton Township,United States of America
Hwapyong County,North Korea
Hwaseong IBK Altos,South Korea
Hyannis,Canada
HYLAS-4,United Kingdom
Hülstener Wacholderheide,Germany
IBK Sundsvall,Sweden
Idun Township,United States of America
Iglesia de San Francisco de Asís,Spain
Ikamiut,Greenland
Ikelenge,Zambia
Il Girasole,Italy
Illinois Department of Corrections,United States of America
Immune Response and Development in Insects,France
Immunopathologie et Chimie Thérapeutique,France
Inariyama Sword,Japan
Incheon Heungkuk Life Pink Spiders,South Korea
India Open Data Association,India
Indian Point Township,United States of America
Industrie,Italy
Innfjorden,Norway
INSAT-1C,India
INSAT-3B,India
Inscription of Abercius,Vatican City
Institución Príncipe de Viana,Spain
Institut Charles Sadron,France
Institut d'histoire du temps présent,France
Institut de Chimie des Substances Naturelles,France
Institut universitaire de technologie de Lannion,France
Institut universitaire de technologie de Lorient,France
Instituto Leonés de Cultura,Spain
Integrative structural biology for mechanisms of protein mis-folding and dysregulation: a Japan-UK partnership between Leeds and Osaka,United Kingdom
International Vinegar Museum,United States of America
Intimidator,United States of America
Invergordon distillery,United Kingdom
Iranian journal of environmental health science & engineering,Iran
Irish Rugby Football Union women's player ID,Ireland
Irishtown Township,United States of America
IRNSS-1I,India
Ise Province,Japan
Iserlohn,Germany
Island Learning Centre,United Kingdom
Isle of Wight NHS Trust,United Kingdom
Italian battleship Giulio Cesare,Soviet Union
Itaú Unibanco,Brazil
Itziar,Spain
IUT Tremblay,France
Ivakhnivtsi Forest,Ukraine
Ivvavik National Park,Canada
Ivyanets,Belarus
Iwate Prefectural Library,Japan
Izumi Province,Japan
İller Bankası Women's Volleyball,Turkey
Jacksonville Landing shooting,United States of America
Jagannathpur Upazila,Bangladesh
Jajpur district,India
James River State Park,United States of America
Japan,Japan
Jaqueville department,Ivory Coast
Jerrabomberra Wetlands Nature Reserve,Australia
Jewel Geyser,United States of America
Jewish Children's Museum,United States of America
Jewish Orphanage Berlin-Pankow,Germany
Ješkova Ves,Slovakia
Jinotega,Nicaragua
Johanneshov ice stadium,Sweden
Jordan Media Institute,Jordan
Josef-Scheu-Hof,Austria
Josef-Wiedermann-Hof,Austria
Journal of diabetes and metabolic disorders,Iran
Journal of environmental health science & engineering,Iran
Journal of the International AIDS Society,United States of America
Juan Fernández,Chile
Judson Township,United States of America
Jufra,Libya
Julia gens,ancient Rome
Junctional multiprotein signaling complexes in sensory neurons,United Kingdom
Jyväskylä railway station,Finland
K2 Telephone Kiosk At Junction With Whitechapel Road,United Kingdom
K6 Telephone Kiosk To North Of Tyldesley Chapel,United Kingdom
Kaaswaag,Netherlands
Kaasův buk,Czech Republic
Kabela,Indonesia
Kabompo District,Zambia
Kaechon,North Korea
Kafr Qasim,Israel
Kagoshima,Japan
Kaiserwinkel,Germany
Kajaani railway station,Finland
Kalalè,Benin
Kalambo District,Tanzania
Kalbådagrund lighthouse,Finland
Kalibombang Dance,Indonesia
Kallahti,Finland
Kalpana-1,India
Kalulushi District,Zambia
Kalvfjärden,Sweden
Kamačnik Canyon,Croatia
Kamikawa Subprefecture,Japan
Kamin-Kashyrskyi Raion,Ukraine
Kandhamal district,India
Kangaamiut,Greenland
Kansas Senate,United States of America
Kanta-Tapanila,Finland
Kaposvár,Hungary
Karl Marx-Hof,Austria
Karl-Höger-Hof,Austria
Karl-Volkert-Hof,Austria
Kasak,Bulgaria
Kasempa District,Zambia
Kassel Government Region,Germany
Kasulu District,Tanzania
Kawainui and Hamakua Marsh Complex,United States of America
Kawartha Speedway,Canada
Kańczuga,Poland
Kecak,Indonesia
Kendrapara district,India
Keramasan railway station,Indonesia
Kerang Post Office,Australia
Kerava railway station,Finland
Khan al-Shuna,Israel
Kholmsky District,Russia
Kibaha District,Tanzania
Kibondo District,Tanzania
Kiesteich Ruther Marsch,Germany
Kilosa District,Tanzania
Kimchaek,North Korea
King,Canada
King Edward Primary School,United Kingdom
King Haakon VII Freedom Cross,Norway
Kinpurney Hill,United Kingdom
Kiptopeke State Park,United States of America
Kirchenbezirk Bernhausen,Germany
Kirchenbezirk Brackenheim,Germany
Kirchenbezirk Böblingen,Germany
Kirchenbezirk Tuttlingen,Germany
Kirchenbezirk Tübingen,Germany
Kirchenbezirk Vaihingen an der Enz,Germany
Kirchenbezirk Weikersheim,Germany
Kirchenbezirk Weinsberg,Germany
Kirchenbezirk Öhringen,Germany
"Kirkland, Signpost At Junction Of A702 And B729",United Kingdom
Kirkstall Abbey,United Kingdom
Kisarawe District,Tanzania
Kishaba smart interchange,Japan
Kishapu District,Tanzania
Kiskunfélegyháza,Hungary
Kit Carson County,United States of America
Kleinkastell Gunzenhausen Hinterer Schlossberg,Germany
Kleinkastell Gündersbach,Germany
Kleinweichs,Germany
Kleny,Czech Republic
Kluane National Park and Reserve,Canada
Kläper-Filz,Germany
Kochkor District,Kyrgyzstan
Kocēni Municipality,Latvia
Kodachrome Basin State Park,United States of America
Kokkola lighthouse,Finland
Kolsh,Albania
Komerční banka,Czech Republic
Komuna e Gjepalajt,Albania
Komuna e Kutallit,Albania
Komuna e Pojanit,Albania
Komárom,Hungary
Kongresshaus,Switzerland
Konstanz,Germany
Kootenai National Forest,United States of America
Koovee,Finland
Kopské sedlo,Slovakia
Kopung County,North Korea
Korail,South Korea
Korogwe District,Tanzania
Korso railway station,Finland
Kostolík,Slovakia
Kpomassè,Benin
Kragelund,Denmark
Krasnohrad Raion,Ukraine
Krefeld II – Wesel II,Germany
Kreis Aachen,Germany
Kreis Bergstraße,Germany
Krimulda Municipality,Latvia
Kröller-Müller Museum,Netherlands
Krönner-Riff SE von Bayerisch Gmain,Germany
Kugelbake,Germany
Kujang County,North Korea
Kulsary,Kazakhstan
Kunitomi smart interchange,Japan
Kunst am Bau im Kopenhagen-Hof,Austria
Kunst Museum Winterthur,Switzerland
Kuressaare City,Estonia
Kurfürstendamm,Germany
Kushiro Subprefecture,Japan
Kusong,North Korea
KV Arena,Czech Republic
KV10,Egypt
KV11,Egypt
KV13,Egypt
KV15,Egypt
KV18,Egypt
KV19,Egypt
KV42,Egypt
KV46,Egypt
KV47,Egypt
Kwimba District,Tanzania
Kylix by the Providence Painter,Germany
Kácov,Czech Republic
Kölberg,Germany
Kęty,Poland
Kōbe Freight Terminal,Japan
L'Aldosa de Canillo,Andorra
L'Islet Regional County Municipality,Canada
La Concordia,Nicaragua
La Côte-de-Gaspé Regional County Municipality,Canada
La Haute-Gaspésie,Canada
La Plata County,United States of America
la Riera,Spain
Labinot-Fushë,Albania
Laboratory for Analysis and Architecture of Systems,France
Laboratory of Theoretical Biochemistry,France
Lac qui Parle Township,United States of America
Lace sample inv. 851,Spain
Lailling,Germany
Lakajgården,Denmark
Lake Bolsena,Italy
Lake Bracciano,Italy
Lake Constance,Switzerland
Lake Loramie State Park,United States of America
Lake Maggiore,Italy
Lake Neuchâtel,Switzerland
Lake White State Park,United States of America
Landac,Philippines
Landscape of the Pico Island Vineyard Culture,Portugal
"Language, Data and Knowledge 2019",Germany
Largo do Paço,Brazil
LaRosa's Pizzeria,United States of America
Larsarvet,Sweden
Las Animas County,United States of America
LATAM Cargo Chile,Chile
Lavoir de Voutenay-sur-Cure,France
Lavoir Saint-Aignan,France
Lawi Lawi Reef,Philippines
Le Rocher-Percé Regional County Municipality,Canada
LeBreton Flats,Canada
Leeds Rhinos,United Kingdom
Leesylvania State Park,United States of America
Legislative Assembly of Amapá,Brazil
Legislative Assembly of Espírito Santo,Brazil
Legislative Assembly of Maranhão,Brazil
Legislative Assembly of Mato Grosso do Sul,Brazil
Legislative Assembly of Minas Gerais,Brazil
Legislative Assembly of Paraná,Brazil
Legislative Assembly of Pernambuco,Brazil
Legislative Assembly of Rio Grande do Sul,Brazil
Legislative Assembly of Roraima,Brazil
Legislative Assembly of Santa Catarina,Brazil
Legislative Assembly of Sergipe,Brazil
Legislative Assembly of Tocantins,Brazil
legislative body of Carlow County Council,Ireland
legislative body of Clare County Council,Ireland
legislative body of Cork County Council,Ireland
legislative body of Donegal County Council,Ireland
legislative body of Galway County Council,Ireland
legislative body of Kildare County Council,Ireland
legislative body of Kilkenny County Council,Ireland
legislative body of Limerick City and County Council,Ireland
legislative body of Mayo County Council,Ireland
legislative body of Roscommon County Council,Ireland
legislative body of Sligo County Council,Ireland
legislative body of Wicklow County Council,Ireland
Legislative Chamber of Federal District,Brazil
Legong,Indonesia
Leigh Centurions,United Kingdom
Leipzig University of Applied Science,Germany
Leivo's Bakery,Finland
Lelchytsy,Belarus
Lenoir Grammar School,United States of America
Leoš Janáček memorial plaque,Czech Republic
Les Chenaux Regional County Municipality,Canada
Les Maskoutains Regional County Municipality,Canada
Lesser Poland Voivodeship,Poland
Leuchtturm Norderney,Germany
"Levan, Fier",Albania
Lewis County,United States of America
Lexie Lou,Canada
LFB player ID,France
Liangshuihe Mongol Ethnic Township,People's Republic of China
Libraries Australia ID,Australia
Library of Congress authority ID,United States of America
Library of the University of Bologna,Italy
Lichfield War Memorial,United Kingdom
Licinia gens,ancient Rome
Ligat Nashim Rishona,Israel
Lille school of journalism - École supérieure de journalisme de Lille,France
Lilleland,Sweden
Lincoln County,United States of America
Lincoln Township,United States of America
Lindi Urban,Tanzania
Line S9,Italy
lintel Can Rafelic,Spain
Lion's Cup,Japan
Lioness Geyser,United States of America
Litianmu Hui Ethnic Township,People's Republic of China
Little Armstrong Bay,Australia
Little Cub Geyser,United States of America
Little Miami Scenic Trail,United States of America
Little Theatre of Epidaurus,Greece
LJ Volley,Italy
Llano de Brujas,Spain
Llinda al Carrer Vila d'Amunt,Spain
"Llinda de la casa al carrer Sant Pere, 3",Spain
Llinda del portal d'entrada de Can Busquets,Spain
Llindes,Spain
Località Badile,Italy
Logan County,United States of America
Lomnické sedlo,Slovakia
London,United Kingdom
Lone Star Geyser,United States of America
Longido District,Tanzania
Longueuil,Canada
Lower Town Church,Germany
Lucas Industries,United Kingdom
Ludwigskirche,Germany
Lura IL,Norway
"Lusebredde, Hellinghäuser Wiesen und Klostermersch",Germany
Lévis,Canada
Lörrach,Germany
Lövås,Sweden
Löwygrube,Austria
Lünen,Germany
Macina Cercle,Mali
Macon,United States of America
Madakasira Bastion and Gateway,India
Madha,Oman
Maersk Nimes,Hong Kong
Magere Brug,Netherlands
Magnum XL-200,United States of America
Maharashtra Open,India
Mai Na Phiang,Thailand
Main-Kinzig-Kreis,Germany
Main-Taunus-Kreis,Germany
Maine Senate,United States of America
Mairie-lavoir et éolienne d'Arthonnay,France
Maison Dandoy,Belgium
Malabar Farm State Park,United States of America
Malacoda Zona Industriale,Italy
Malawi,Malawi
Male bust-MAHG Inv eg 12,Switzerland
Malešov,Czech Republic
Malheur National Forest,United States of America
Malmo Township,United States of America
Mamba,United States of America
Manchester Township,United States of America
Manevychi Raion,Ukraine
Mankinholes Hall Mankinholes Youth Hostel,United Kingdom
Manly-Warringah Sea Eagles,Australia
Manpura Upazila,Bangladesh
Manyinga District,Zambia
Manyoni District,Tanzania
Marburg-Biedenkopf,Germany
March 1914 Swedish general election,Sweden
Marguerite-D'Youville Regional County Municipality,Canada
Maria chapel,Netherlands
Maria column,Czech Republic
Maria column in Benešov nad Ploučnicí,Czech Republic
Maria column in Brno-Řečkovice,Czech Republic
Maria column in Obříství,Czech Republic
Maria-Franc-Hof,Austria
Marian Column in Kłodzko,Poland
Marianas Trench Marine National Monument,United States of America
Mariensäule,Germany
Mariensäule Hauptplatz Stainz,Austria
Marietta,United States of America
Marjory Stoneman Douglas High School shooting,United States of America
Markham,Canada
Markham—Stouffville,Canada
Marseille,France
Martin County,United States of America
Mary's column,Slovenia
Marzili fountain,Switzerland
Mas de la carretera de Tortosa a Santa Bàrbara,Spain
Mas del carrer Enric d'Ossó,Spain
Mas la Cau,Spain
Mas Martí,Spain
Mas Romaní,Spain
Masirah Island,Oman
Maswa District,Tanzania
Matrouh Governorate,Egypt
Matéri,Benin
Maumee Bay State Park,United States of America
Mauritius,Mauritius
Mayesbrook Park School,United Kingdom
Mayingzi Manchu Ethnic Township,People's Republic of China
Mbeya Rural District,Tanzania
McGill University,Canada
Meadowlands Racetrack,United States of America
Mediterranean Conference Centre,Malta
Melrose Abbey,United Kingdom
Memorial Provincial Park,Canada
Menoken Indian Village Site,United States of America
Merionethshire,United Kingdom
Merionethshire County Council,United Kingdom
Meritorious Service Cross,Canada
Meritxell,Andorra
Mesa County,United States of America
MGM Grand Las Vegas,United States of America
Mianhuaping Yao Township,People's Republic of China
Michigan State University,United States of America
Mid Glamorgan County Council,United Kingdom
Mid-Hudson Children's Museum,United States of America
Middelburg railway station,Netherlands
Middlesex,United Kingdom
Mierons,Spain
Mieza Theatre,Greece
Mikajiri Station,Japan
Military Cross,Belgium
Military Cross,United Kingdom
Milton Keynes Council,United Kingdom
Minas Geraes,Brazil
Mineral County,United States of America
Minganie Regional County Municipality,Canada
Ministry of Education and Research,Sweden
Ministry of Health,Czech Republic
Ministry of Health,Italy
Ministry of Health,Lithuania
Ministry of Health and Medical Education,Iran
Ministry of Health of Germany,Germany
Ministry of Railways,Japan
Ministry of the Army,Empire of Japan
Minya Governorate,Egypt
Mirbat,Oman
Mirzaganj Upazila,Bangladesh
Mississauga,Canada
Mistral Air,Italy
Mittelweiherburg,Austria
Mitterfirmiansreut,Germany
Miyazaki Prefectural Library,Japan
Modesto metropolitan statistical area,United States of America
Mokotów,Poland
Mol Continuity,Panama
Momchilovtsi,Bulgaria
Moncreiffe Hill,United Kingdom
Monrupino,Italy
Montagne de Reims Regional Natural Park,France
Montañana,Spain
Montgomery County Council,United States of America
Montgomery Township,United States of America
Montour County,United States of America
Montreal,Canada
Monts d'Ardèche,France
Monument to Joaquín Costa,Spain
Monument voor 'Ome Jan',Netherlands
Mookerschans,Netherlands
More So,United States of America
Morgan Studios,United Kingdom
Mosan art,Belgium
Moselle Viaduct,Germany
Moskovsky District,Kyrgyzstan
Most Happy Fella,United States of America
Mostec,Czech Republic
Motoplex Speedway,Canada
Mount Pleasant Junior School,United Kingdom
Mouvement National Royaliste,Belgium
Movieplayer person ID,Italy
Mozambique,Mozambique
Mozonte,Nicaragua
"MPForce, Inc.",Argentina
Mr. Freeze,United States of America
MS Norman Atlantic,Italy
MTV,United States of America
MUFG Bank,Japan
municipal Chamber of Barueri,Brazil
municipal Chamber of Embu das Artes,Brazil
municipal Chamber of Foz do Iguaçu,Brazil
municipal Chamber of Governador Valadares,Brazil
municipal Chamber of Gravataí,Brazil
municipal Chamber of Imperatriz,Brazil
municipal Chamber of Ipatinga,Brazil
municipal Chamber of Juazeiro do Norte,Brazil
municipal Chamber of Marabá,Brazil
municipal Chamber of Sumaré,Brazil
municipal Chamber of Taboão da Serra,Brazil
municipal Chamber of Viamão,Brazil
municipal Chamber of Volta Redonda,Brazil
municipal Chamber of Várzea Grande,Brazil
Muralha das Portas de Montemuro,Portugal
Murgeni,Romania
Murzuq District,Libya
Muslim Educational Trust,India
Muswellbrook Post Office,Australia
Mwinilunga District,Zambia
Myall Creek Massacre,Australia
MYmovies actor ID,Italy
Målilla-Gårdveda hembygdsförening,Sweden
Mõisaküla City,Estonia
Møllefossen power station,Norway
München-Berg am Laim station,Germany
Münster,Germany
Mürmes,Germany
Mālpils Municipality,Latvia
Mārupe Municipality,Latvia
N M Rothschild & Sons,United Kingdom
N282 road,Belgium
N283 road,Belgium
N287 road,Belgium
N51 road,Belgium
Nagano,Japan
Nagasaki,Japan
Nagayama Kofun,Japan
Nagoya Freight Terminal,Japan
Naha,Japan
Nakhal,Oman
Nameoki Township,United States of America
Nanjo smart interchange,Japan
Nara,Japan
Naryn District,Kyrgyzstan
National Bank Cup,Canada
National University Library of Turin,Italy
Naval Live Oaks Reservation,United States of America
Nayagarh district,India
NCL ID,Taiwan
Nebovazy,Czech Republic
Neck Amphora by Exekias,Germany
Nederlandse Spoorwegen,Netherlands
Nemuro Subprefecture,Japan
Nettle Creek Township,United States of America
Neubrügg,Switzerland
New Jersey Senate,United States of America
New York State Senate,United States of America
New Zealand National Road Race Championships,New Zealand
New Zealand Warriors,New Zealand
Newcastle Knights,Australia
Newlands Quay,United Kingdom
Nikël,Albania
Ninth Amendment of the Constitution of Ireland,Ireland
Niono Cercle,Mali
Nippon Steel,Japan
Nizwa,Oman
NKCR AUT ID,Czech Republic
No Mercy,United States of America
Noah Chippett Stage/Twine Loft and Wharf,Canada
Non Kha,Thailand
Nor Yungas Province,Bolivia
Nordic combined at the 1928 Winter Olympics,Switzerland
Nordic combined at the 1932 Winter Olympics,United States of America
Nordic combined at the 1952 Winter Olympics,Norway
Nordic combined at the 1960 Winter Olympics,United States of America
Nordland Township,United States of America
Norra Björke,Sweden
North Carolina State University,United States of America
North Cumbria University Hospitals NHS Trust,United Kingdom
North Queensland Cowboys,Australia
Northern Devon Healthcare NHS Trust,United Kingdom
Northern Fleet,Russia
Norway,Norway
Norwegian Institute of Journalism,Norway
Norwegian resistance movement,Norway
Nottingham Open,United Kingdom
Novoazovsk wind farm,Ukraine
NSG Krombachtalsperre,Germany
NXT TakeOver: Brooklyn 4,United States of America
NXT TakeOver: New Orleans,United States of America
NXT TakeOver: Philadelphia,United States of America
NXT TakeOver: Phoenix,United States of America
NXT TakeOver: WarGames,United States of America
Nyesettvár,Hungary
Nygården,Sweden
Nygårds hagar,Sweden
Nyíregyháza,Hungary
Oakwood Primary School,United Kingdom
Oberbergischer Kreis,Germany
Oberhüttensee,Austria
Obuse smart interchange,Japan
Occoneechee State Park,United States of America
Octomore,United Kingdom
Odenwaldkreis,Germany
Odlum Brown Vancouver Open,Canada
Offenbach-Kaiserlei station,Germany
Okresní archiv Pelhřimov,Czech Republic
Old Barrington Meeting House,Canada
Old Batesburg Grade School,United States of America
Old BNZ Building,New Zealand
Old Faithful,United States of America
Old Fort 217,Canada
Olympia Eishalle,Germany
Olympic National Forest,United States of America
Omaha Children's Museum,United States of America
Ontario Cottage,Canada
OpenSecrets organization ID,United States of America
Orkney Islands,United Kingdom
Osaka Prefectural Yuhigaoka Library,Japan
Oscar Performance,United States of America
Oslí buk,Czech Republic
Osnabrück Central Station,Germany
Ostankino baranki factory,Russia
Ostend,Belgium
Ostrava Aréna,Czech Republic
Osvatn power station,Norway
Otter Tail County,United States of America
Otterstadter Altrhein,Germany
outer Laupenstrasse fountain,Switzerland
Ovchepoltsi,Bulgaria
Overflowing River Provincial Park,Canada
Oxfordshire,United Kingdom
Ozuka-kofun,Japan
Pacific Fleet,Russia
Padiimenenmipet-D 27,Switzerland
Padre Abad Province,Peru
Paint Lake Provincial Park,Canada
Pakhtaabad District,Uzbekistan
Palladium,Czech Republic
Pallars Sobirà,Spain
Palms Casino Resort,United States of America
Palácio Imperial,Brazil
Pampus,Netherlands
Pamsendorf wind farm,Germany
Památné douglasky u Zátiší,Czech Republic
Památné jasany u Trnavy,Czech Republic
Panda Sound,United Kingdom
Papa Gino's,United States of America
Papa John's Pizza,United States of America
Papa Murphy's,United States of America
Papahānaumokuākea Marine National Monument,United States of America
Paraguaná Wind Farm,Venezuela
Paraguayan women's football championship,Paraguay
"Paraíso, Costa Rica",Costa Rica
Paris 13 University,France
Paris Masters,France
Park Güell,Spain
Parks Reserve Forces Training Area,United States of America
Parramatta Eels,Australia
Paruro Province,Peru
Patharghata Upazila,Bangladesh
Patou,France
Patriarchate of Peja,Serbia
Patricia Beach Provincial Park,Canada
Patuakhali Sadar Upazila,Bangladesh
Peace River Regional District,Canada
Pease Auditorium,United States of America
Pecka,Czech Republic
Pelourinho da Bemposta,Portugal
Peniel Heugh,United Kingdom
Pennsylvania State Senate,United States of America
Penrith Panthers,Australia
Penta Geyser,United States of America
Pentrebychan Hall Dovecote,United Kingdom
Peralta de la Sal,Spain
Peremyshliany Raion,Ukraine
Perlentaucher,Germany
Perlesreut,Germany
Peruvian women's football championship,Peru
Pestalozzi-Hof,Austria
Pestalozzischule Zwickau,Germany
Peterhouse Boys' School,Zimbabwe
Peterhouse Girls' School,Zimbabwe
Petrus Canisius church,Hungary
Pfarrhof,Germany
PFL Cup,Russia
Phillips County,United States of America
Pichincha Province,Ecuador
Pickering—Uxbridge,Canada
Pierce County,United States of America
Pierre-De Saurel Regional County Municipality,Canada
Pig Houses Immediately To North East Of Ford Farmhouse,United Kingdom
Pigsty 10 Metres West Of Beanley House,United Kingdom
Pigsty About 10 Metres East Of The Stable About 50 Metres West Of Bodinnick Farmhouse,United Kingdom
Pigsty Approximately 10 Metres To East Of Middlewood Farmhouse,United Kingdom
Pillory of Algoso,Portugal
Pillory of Atalaia do Campo,Portugal
Pillory of Cerva,Portugal
Pillory of Gouvães do Douro,Portugal
Pinjarra Massacre,Australia
Pink Cone Geyser,United States of America
Pirate Party,Finland
Pirate Party Luxembourg,Luxembourg
Pirate Party of Greece,Greece
Pirate Party of Spain,Spain
Pittsburgh synagogue shooting,United States of America
Pizza Schmizza,United States of America
Placunopsiden-Riff Tiefenstockheim,Germany
Platan javorolistý na Karlově náměstí,Czech Republic
Platan javorolistý v zahradě Kinských,Czech Republic
Platan u svaté Anny,Czech Republic
Plauerhagen wind farm,Germany
playing children,Switzerland
Pliny Township,United States of America
Podkarpackie Voivodeship,Poland
Podlaskie Voivodeship,Poland
Podolian Voivodeship,Polish–Lithuanian Commonwealth
Point Roe,Australia
Polesia Voblast,Soviet Union
Polish National Road Race Championships,Poland
Polábek,Czech Republic
Pomeranian Evangelical Church,Germany
Pomeranian Voivodeship,Poland
Pompeii,Italy
"Ponte Vecchio, Bassano",Italy
Ponte-cais de Bissau,Guinea-Bissau
Poplar Bay Provincial Park,Canada
Popular Bank of Milan,Italy
Port de Valldemossa,Spain
Portage Spillway Provincial Park,Canada
Portuguese National Road Race Championships,Portugal
Porážky,Czech Republic
Potcoava,Romania
Poynter Institute,United States of America
Praga-Południe,Poland
Praga-Północ,Poland
"Prainha, vista da Saúde",Brazil
Praŭdzinski,Belarus
Premiers préfets ID,France
Presidency Jail,India
Primiero San Martino di Castrozza,Italy
Prince Albert National Park,Canada
Prince Leopold Island Migratory Bird Sanctuary,Canada
Princess Alexandra Hospital NHS Trust,United Kingdom
Priorat,Spain
Priory School,United Kingdom
Prishtina Clock Tower,Kosovo
Privolzhskoye rural settlement,Russia
Pro Ecclesia et Pontifice,Vatican City
Province of Bari,Italy
Province of Bologna,Italy
Province of Florence,Italy
Province of Genoa,Italy
Province of Medio Campidano,Italy
province of Milan,Italy
Province of Rome,Italy
Prêmio Gualco,Brazil
Punt Road Oval,Australia
Punta Judibana,Venezuela
Purdue University,United States of America
Pustomyty Raion,Ukraine
Puumalansalmi Bridge,Finland
Pèrèrè,Benin
Pécs,Hungary
Péhunco,Benin
Přibyslav,Czech Republic
Qantas Freight,Australia
Qatar Open,Qatar
qathet Regional District,Canada
Qinghe Subdistrict,People's Republic of China
Qinglongqiao Subdistrict,People's Republic of China
Quaker Meeting House,Canada
Quartiere Ettore Ponti,Italy
Quartiere IACP Lorenteggio,Italy
Quartiere Lagosta,Italy
Quebec City,Canada
Quebec Terrace Park,United States of America
Queen Mary University of London,United Kingdom
Queen's College London,United Kingdom
Queen's Own Royal West Kent Regiment Cenotaph,United Kingdom
Quesada,Costa Rica
QUESS,People's Republic of China
"Qurayyat, Oman",Oman
Rabenauer Grund power station,Germany
Rachyut,Oman
Radashkovichy,Belarus
Raging Bull,United States of America
Rajon Ki Baoli,India
Ramsås,Sweden
Ransol,Andorra
Rasony,Belarus
Raspenava,Czech Republic
Ratne Raion,Ukraine
Rauhfutterspeicher Schöneiche,Germany
Raw Fury,Sweden
Rašeliniště Jizery,Czech Republic
RC Cannes,France
Real County,United States of America
Refmatonisi Antiparou,Greece
Regional District of Central Kootenay,Canada
Regional District of Fraser-Fort George,Canada
Regional District of Nanaimo,Canada
Regional District of Okanagan-Similkameen,Canada
Rejang dance,Indonesia
Relic-holding sword,Kingdom of France
Remseck am Neckar,Germany
Renström,Sweden
Republican Party,France
Reservoir fountain,Switzerland
Resort Town of Sochi,Russia
Revenge Reef,Sweden
Revetment Wall To Whitecote House With Railings And Gate To Canal,United Kingdom
Rečyca,Belarus
Rheiderland Township,United States of America
Ribera d'Ebre,Spain
Richardson Lake Migratory Bird Sanctuary,Canada
Riesberg,Germany
Rimouski,Canada
Rio Open,Brazil
Risley Township,United States of America
Robertson Oval,Australia
Rocky Lake Provincial Park,Canada
Rohini Satellite RS-1,India
Roman Catholic Ecclesiastical Province of Tyre,Lebanon
Romancos,Spain
Romanesque art in Catalonia,Spain
Romanian National Road Race Championships,Romania
Rose Atoll Marine National Monument,United States of America
Rose Manor,Canada
Rosewood massacre,United States of America
Rosewood Township,United States of America
Rossaveal,Ireland
Rotten Tomatoes ID,United States of America
Rottenburg University of Applied Forest Sciences,Germany
Rotterdam,Netherlands
Route nationale 341,France
Route nationale 346,France
Route nationale 347,France
Route nationale 348,France
Route nationale 35,France
Route nationale 353,France
Route nationale 356,France
Route nationale 358,France
Route nationale 36,France
Route nationale 363,France
Route nationale 387,France
Route nationale 636,France
Route nationale 716,France
Route nationale 737,France
Rouyn-Noranda,Canada
Roy H,United States of America
Royal Library of Turin,Italy
Royal Naval Division Memorial,United Kingdom
Royal Red Cross,United Kingdom
Royal Rumble,United States of America
Roznov,Romania
Rubers Law,United Kingdom
Rudensk,Belarus
"Rudná, Rožňava District",Slovakia
Rugby Football Union women's player ID,United Kingdom
Rugby union at the 1900 Summer Olympics,France
Rugby union at the 1908 Summer Olympics,United Kingdom of Great Britain and Ireland
Ruimzicht: tea dome,Netherlands
Rundāle Municipality,Latvia
Rung Rawi,Thailand
Rusová,Czech Republic
Russian Bishop's House,United States of America
Russian Premier League Cup,Russia
Ruthin School,United Kingdom
RV Derinsu,Turkey
Ryongchon,North Korea
Ryongrim County,North Korea
Ráth Cairn,Ireland
Răcari,Romania
S'Algar,Spain
S1,Germany
S2,Germany
S25,Germany
S45,Germany
Sa Font Figuera,Spain
Saarloq,Greenland
Sabian,Canada
Sacramento Children's Museum,United States of America
Saddlebrook Park,United States of America
Sadový platan,Czech Republic
Sagitta,Marshall Islands
Saham,Oman
Saint Isaac's Cathedral,Russia
"Saint Nicholas Church, Vasszilvágy",Hungary
Saint-Esteve XIII Catalan,France
Sainte-Baume Regional Nature Park,France
Sainte-Thérèse,Canada
Sakassou,Ivory Coast
Salacgrīva Municipality,Latvia
Salaspils Municipality,Latvia
Salford Red Devils,United Kingdom
Salgótarján,Hungary
Salvador Shopping,Brazil
Sam Houston National Forest,United States of America
Samail,Oman
Samitar,United States of America
San Cercle,Mali
San Clemente Dormitory,Spain
San Francisco de Asís,Venezuela
San Gorgonio Pass Wind Farm,United States of America
San Jose–Sunnyvale–Santa Clara metropolitan statistical area,United States of America
San José de Bocay,Nicaragua
San José de Cusmapa,Nicaragua
San Juan County,United States of America
San Juan de Nicaragua,Nicaragua
San Lorenzo Dorsino,Italy
San Martín de Porres,Venezuela
San Patrizio,Italy
San Rafael del Norte,Nicaragua
San Sebastián de Yalí,Nicaragua
Sanbao Yi Ethnic Township,People's Republic of China
Sandoval de la Reina,Spain
Sangonera la Verde,Spain
Sankt Anna hembygdsförening,Sweden
Santa Elena Province,Ecuador
Santa Fe High School shooting,United States of America
Santa Isabel,Germany
Santa Luzia e Praia da Glória,Brazil
Santa María de Pantasma,Nicaragua
Santander Brasil,Brazil
Saqqaq,Greenland
Sarasota Municipal Auditorium,United States of America
Sarıyer Belediyesi SK,Turkey
SAS Protea,South Africa
Satricum,Italy
Saue City,Estonia
Savannah,United States of America
Sbarro,United States of America
Scale model of a coal cargo ship under construction-MnM 2003.29.1,France
Scale model of Laurent Schiaffino-MnM 7 MM 63,France
Scale model of Loire-MnM 5 MM 9,France
Scale model of Louléa-MnM 7 MM 66,France
Scale model of Millenium-MnM 2001.9.1,France
Scale model of Paraguay-MnM 7 MM 3,France
Scale model of Pascal-MnM 7 MM 25,France
Scale model of Sans Pareil-MnM 13 MG 1,France
Scarborough,United Kingdom
Scarborough—Rouge Park,Canada
Schafweid,Germany
Scheuereck,Germany
Schichauweg railway station,Germany
Schloss Amberg,Austria
Schloss Goldenstein,Austria
Schmalkalden University of Applied Sciences,Germany
Schwarzenberg wind farm,Germany
Schwarzes Venn,Germany
Schönhof,Germany
Schüttauhof,Austria
Science and Technology Agency,Japan
Scottish League Cup,United Kingdom
Scugog,Canada
Sea-Saint Studios,United States of America
SEB Pank,Estonia
Secondo quartiere popolare della Società Umanitaria,Italy
"Sections of wall running south along Esplanade from south-west corner of Simnel Street to University Air Squadron Headquarters at south end of Bugle Street. Includes The Arcades, The West Gate, Blue Anchor Postern and Biddles Gate",United Kingdom
Sedgwick County,United States of America
Sedlo,Czech Republic
Sedlo pod Svišťovkou,Slovakia
Selishtë,Albania
Sempronia gens,ancient Rome
Senichkin,Russia
Sennfelder See,Germany
Sennoy,Russia
SES-14,Brazil
Sesto ed Uniti,Italy
Seven Sorrows Polyptych,Germany
Shakhrihon District,Uzbekistan
Shanghai Disney Resort,People's Republic of China
Shangri-La,United States of America
Shelby Township,United States of America
Sherbrooke,Canada
Sherman Institute Administration Building,United States of America
Sherpa,Cayman Islands
Shetland Islands,United Kingdom
Shinas,Oman
Shiomichō Station,Japan
Shippan Point,United States of America
Shizuoka,Japan
Shomron Regional Council,West Bank
Shopping Center 3,Brazil
short track speed skating at the 1988 Winter Olympics,Canada
Shtiqën,Albania
Shtraklevo,Bulgaria
Shōwamachi Station,Japan
Sierra Army Depot,United States of America
signpost,Czech Republic
Sigulda Municipality,Latvia
Sijung County,North Korea
Silja Serenade,Finland
Silk Way West Airlines,Azerbaijan
Silver Bow County,United States of America
Sinchon County,North Korea
Sindo County,North Korea
Sintfeld wind farm,Germany
Sinuiju,North Korea
Site de Fondmarin de Crépy-en-Valois,France
Site du patrimoine Jacques-Cartier,Canada
site patrimonial du Quartier-du-Moulin,Canada
Siuslaw National Forest,United States of America
Sjöstads IF,Sweden
Skellefteå IBK,Sweden
Ski jumping at the 1932 Winter Olympics,United States of America
Ski jumping at the 1948 Winter Olympics,Switzerland
Ski jumping at the 1956 Winter Olympics,Italy
Ski jumping at the 1960 Winter Olympics,United States of America
Skibladner,Norway
Skinners Family Hotel,Australia
Skivholme parish,Denmark
Skupina stromů u tvrze,Czech Republic
Skupina šesti dubů,Czech Republic
Small Fort of Our Lady of Monserrate,Brazil
small theatre of Ambracia,Greece
Smedsgården and Bredäng,Sweden
SMH Santa Elena,German Reich
SMS Helgoland,German Reich
SMS Ostfriesland,German Reich
SMS Rheinland,German Reich
SMS Thüringen,German Reich
SMS Westfalen,German Reich
Society for Immunotherapy of Cancer,United States of America
Sohag Governorate,Egypt
Sok Nok Ten,Thailand
Sokal Raion,Ukraine
Solsonès,Spain
Solwezi District,Zambia
Songgan County,North Korea
Songwon County,North Korea
South 24 Parganas district,India
South Dakota Senate,United States of America
South Georgia and the South Sandwich Islands,United Kingdom
South Hampstead High School,United Kingdom
South Sydney Rabbitohs,Australia
Southampton City Council,United Kingdom
Southern Ocean Seaspray Aerosol Flux Experiment,United Kingdom
Southwood School,United Kingdom
Soyuz 12,Soviet Union
Soyuz 15,Soviet Union
Soyuz 18a,Soviet Union
Soyuz 22,Soviet Union
Soyuz 23,Soviet Union
Soyuz 26,Soviet Union
Soyuz 29,Soviet Union
Soyuz 33,Soviet Union
Soyuz T-15,Soviet Union
Soyuz T-5,Soviet Union
Soyuz TM-10,Soviet Union
Soyuz TM-15,Russia
Soyuz TM-16,Russia
Soyuz TM-17,Russia
Soyuz TM-26,Russia
Soyuz TM-3,Soviet Union
Soyuz TM-5,Soviet Union
Soyuz TM-6,Soviet Union
Soyuz TM-8,Soviet Union
SPARC Europe,Netherlands
Sparta Township,United States of America
Spauregg,Italy
Speichergasse fountain,Switzerland
Sperr,Germany
Spidean a Choire Leith,United Kingdom
Spidean Mialach,United Kingdom
Springvale House,Zimbabwe
Sron a' Choire Ghairbh,United Kingdom
SS Calgaric,United Kingdom
SS Huntsend,German Empire
SS Prince George,Canada
SS Princess Alice,United Kingdom
St Helens RLFC,United Kingdom
"St Joseph Seminary, Mark Cross",United Kingdom
St Peter's Primary School,United Kingdom
St. Antonius,Germany
St. George Children's Museum,United States of America
St. George Illawarra Dragons,Australia
St. Jakobus,Germany
St. Johann Baptist,Germany
St. Mariä Himmelfahrt,Germany
St. Martin,Germany
St. Martinus,Germany
St. Nikolaus,Germany
St. Paulus,Germany
St. Petersburg Open,Russia
"Stable, Barn And Dovecote Approximately 45 Metres South Of Copcourt Manor",United Kingdom
Stadio Olympica,Italy
Stadtbefestigung: Torhaus bei Brücke; Stadtmauer; Hexenturm;Lenzburger Tor mit Zeitturm,Switzerland
Stanhope,United Kingdom
Stanton School,United Kingdom
Starorechensky,Russia
Starosel,Bulgaria
Staryi Sambir Raion,Ukraine
Statistical and Social Inquiry Society of Ireland,Ireland
Statnett,Norway
Statue of Horatio Nelson,United Kingdom
Statue of Madona,Czech Republic
Staunton River State Park,United States of America
Steady Geyser,United States of America
Steenerson Township,United States of America
Steinhölzli fountain,Switzerland
Stena Nautica,Sweden
Stenen,Canada
Sterling Township,United States of America
Stevens County,United States of America
Stickers Gat,Germany
Stob Coire Sgriodain,United Kingdom
Stockton metropolitan statistical area,United States of America
Stoke-on-Trent City Council,United Kingdom
Stoylovsky,Russia
Straßenanschnitt Königsstuhl bei Bad Berneck,Germany
Straßenaufschluss N von Seitendorf,Germany
Strathcona Regional District,Canada
Strathisla distillery,United Kingdom
Strathmore Park,United States of America
Strenči Municipality,Latvia
Strindberghof,Austria
Stroud Spiritualist Church,United Kingdom
Stráž,Czech Republic
Studio Bagel,France
Státní okresní archiv Kutná Hora,Czech Republic
Státní okresní archiv Vyškov,Czech Republic
Státní okresní archív Břeclav,Czech Republic
Subprefecture of Campo Limpo,Brazil
Subprefecture of Capela do Socorro,Brazil
Subprefecture of Cidade Ademar,Brazil
Subprefecture of Ermelino Matarazzo,Brazil
Subprefecture of Jabaquara,Brazil
Subprefecture of M'Boi Mirim,Brazil
Subprefecture of Parelheiros,Brazil
Subprefecture of Penha,Brazil
Sucina,Spain
Sucre,Venezuela
Sukth,Albania
Sulphur Spring,United States of America
Summit County,United States of America
Sunchon,North Korea
Sundsvall City,Sweden
Sunshine Coast Regional District,Canada
Super High Roller Bowl V,United States of America
Superbird-B3,Japan
Surrey,United Kingdom
"Sushitsa, Blagoevgrad Province",Bulgaria
Sussex,United Kingdom
Sutherland Springs church shooting,United States of America
Suwon Hyundai Engineering & Construction Hillstate,South Korea
Sveiva IBK,Norway
Svenska Jägareförbundet,Sweden
Svojanov,Czech Republic
Svängen lighthouse,Sweden
Swedish National Road Race Championships,Sweden
Swiss Transport Museum,Switzerland
sword with fan-shaped pommel,Iran
Szczerbiec,Poland
Szekszárd,Hungary
Sárospatak,Hungary
Sēja Municipality,Latvia
Ta Kuan-Yin Ting and Hsin-Chi Kung,Taiwan
Tabunsky Village Council,Russia
Tadeiyama Kofun,Japan
Takata Corporation,Japan
Takrouna War Cemetery,Tunisia
Talavera la Nueva,Spain
Talsi Municipality,Latvia
Tamarkuz,United States of America
Tanggai dance,Indonesia
Tarbox Road Studios,United States of America
Tari Pinggan,Indonesia
Tarkhankut Wind Farm,Russia
Tarutyns'kyj steppe,Ukraine
Taskiwin,Morocco
Tasman Island Lighthouse,Australia
Tauern wind farm,Austria
Tayibe,Israel
Taça da Liga,Portugal
TB Uphusen,Germany
TechTV,United States of America
Telepizza,Spain
Tenhults IBK,Sweden
Terezije Bridge,Kosovo
Terra Nova Migratory Bird Sanctuary,Canada
Terracotta amphora,United States of America
Terracotta aryballos signed by Nearchos,United States of America
Texarkana metropolitan area,United States of America
Texas A&M University,United States of America
Texas Senate,United States of America
Tha Nang Naeo,Thailand
Thai League Cup,Thailand
Thaidene Nëné National Park Reserve,Canada
Thang Khwang,Thailand
The 10th Global WordNet Conference,Poland
The Churchill School,United Kingdom
The Glennie School,Australia
The Master Trust Bank of Japan,Japan
The National Club,Canada
The Roller Coaster,United States of America
The Speyside distillery,United Kingdom
The Stob,United Kingdom
The Thinkery,United States of America
The Toronto Club,Canada
The Windsor Hotel Toya Resort & Spa,Japan
Theater of Elis,Greece
Theatre of Messene,Greece
theatre of Sarno,Italy
Theekoepel van de Rijp,Netherlands
"Theekoepel, Eindenhout",Netherlands
"Theekoepel, Rosendael",Netherlands
Theobalds House,United Kingdom
Thirty-second Annual Conference on Neural Information Processing Systems,Canada
Thirty-seventh Amendment of the Constitution Bill 2018,Ireland
Thorney Howe Youth Hostel,United Kingdom
Three Gate Piers with Linking Wall to 151 Otley Road,United Kingdom
Thrissur,India
Thunstrasse fountain,Switzerland
Thwaites Interdisciplinary Margin Evolution,United Kingdom
Thủ Đức,Vietnam
Tignes Dam,France
Timurid art,Uzbekistan
Tintern Abbey,United Kingdom
"TLC: Tables, Ladders & Chairs",United States of America
Tlogosari,Indonesia
TNT N.V.,Netherlands
Toguz-Toro District,Kyrgyzstan
Tokchon,North Korea
Tokyo Disney Resort,Japan
Tomasgårdens IF,Sweden
Tomeškův dub,Czech Republic
Topeng dance,Indonesia
Torodi Department,Niger
Total S.A.,France
Toucountouna,Benin
Tour du Rwanda 2010,Rwanda
Tour du Rwanda 2013,Rwanda
Tour du Rwanda 2015,Rwanda
Tour du Rwanda 2016,Rwanda
"Town Wall, With Morden, Heber And Ever Towers",United Kingdom
Town wall: remains of E side of town wall S of East Street and N of Gods House Tower,United Kingdom
Toyama Prefectural Library,Japan
Trabrennbahn Gelsenkirchen,Germany
Trajan's Bridge,Romania
Transport and murder of Białystok children,Poland
Trasserra,Spain
Trent Hills,Canada
Trevignano,Italy
Treviño,Spain
Trewhiddle style,United Kingdom
Trinidad and Tobago League Cup,Trinidad and Tobago
Trinity Meadows Race Track,United States of America
Trois-Rivières,Canada
Trolleybuses in Biel/Bienne,Switzerland
Trolleybuses in Lucerne,Switzerland
Trolleybuses in St. Gallen,Switzerland
Trust Land No. XVIII,Zambia
Trutnov,Czech Republic
Trzebnica,Poland
Tshatshani Communal Land,Zimbabwe
Tsubai Otsukayama Kofun,Japan
Tsudo-shiroyama Kofun,Japan
TU Dresden,Germany
Tumut Post Office,Australia
Tuperssuatsiat bay,Greenland
Twentieth Amendment of the Constitution of Ireland,Ireland
Tyler County,United States of America
Tân Bình,Vietnam
Tērvete Municipality,Latvia
Uherské Hradiště,Czech Republic
Uiju County,North Korea
UK Parliament thesaurus ID,United Kingdom
Ulanendenkmal,Germany
Umeå City IBK,Sweden
Umtali Heights,Zimbabwe
Unava Reserve,Ukraine
Ungova Communal Land,Zimbabwe
Unifrance person ID,France
United Lincolnshire Hospitals NHS Trust,United Kingdom
United States Department of Education,United States of America
United States Department of Health and Human Services,United States of America
United States Pacific Fleet,United States of America
United States Ram Fleet,United States of America
Universal Orlando Resort,United States of America
University Institute of Technology of Nantes,France
University Library of Naples,Italy
University Library of Padua,Italy
University of Alaska Fairbanks,United States of America
University of Angers,France
University of Applied Sciences Meissen,Germany
University of Applied Sciences Neu-Ulm,Germany
University of Birmingham,United Kingdom
University of British Columbia,Canada
University of Calgary Faculty of Law,Canada
"University of California, Berkeley",United States of America
University of Edinburgh School of Law,United Kingdom
University of French Polynesia,France
University of Idaho College of Law,United States of America
University of Kentucky College of Law,United States of America
University of La Rochelle,France
University of Massachusetts Amherst,United States of America
University of Massachusetts School of Law,United States of America
University of Montana School of Law,United States of America
University of New Hampshire,United States of America
University of New Hampshire School of Law,United States of America
University of Provence - Aix-Marseille I,France
University of Tübingen,Germany
University of Évry Val d'Essonne,France
University Polytechnique Hauts-de-France,France
Unter den Linden,Germany
untitled,Switzerland
Upper New York Bay,United States of America
Ursus,Poland
Usi County,North Korea
Using climate change information in ecosystems services for poverty alleviation research in China,United Kingdom
USNS Kane,United States of America
Uspenski Cathedral,Finland
USS Ganadoga,United States of America
USS Kansas City,United States of America
USS Keokuk,United States of America
USS Kittanning,United States of America
USS Kittaton,United States of America
USS Manistee,United States of America
USS Mascoutah,United States of America
USS Mecosta,United States of America
USS Mishawaka,United States of America
USS Muskegon,United States of America
USS Nanticoke,United States of America
USS Natahki,United States of America
USS Natick,United States of America
USSR Federation Cup,Soviet Union
Utah State Senate,United States of America
Uvaravičy,Belarus
Uwharrie National Forest,United States of America
Uzumba Communal Land,Zimbabwe
Vabkent District,Uzbekistan
Vaihingen an der Enz,Germany
Vakil Bazaar,Iran
Val di Chy,Italy
Valdice Charterhouse,Czech Republic
Valga City,Estonia
Vallinsgrundet,Sweden
Vasylkivka Raion,Ukraine
Vaudreuil-Soulanges Regional County Municipality,Canada
Vdara,United States of America
Vecumnieki Municipality,Latvia
Ventasso,Italy
Venus,Cayman Islands
Vermont Senate,United States of America
Verulamium,United Kingdom
Vesyoly,Russia
Veszprém,Hungary
Vibroair,Germany
Victoria Barracks G Block,Australia
Victoria Barracks Perimeter Wall and Gates,Australia
Victoria Barracks Squash Courts,Australia
Victoria Drive Primary Pupil Referral Unit,United Kingdom
Viliejka Region,Soviet Union
Villa Flora,Switzerland
Villa Stucki fountain,Switzerland
Vinné,Czech Republic
Virginia's 18th congressional district,United States of America
Virginia's 19th congressional district,United States of America
Virginia's 20th congressional district,United States of America
Virginia's 21st congressional district,United States of America
Virginia's 22nd congressional district,United States of America
Virginia's at-large congressional seat,United States of America
Virklund Parish,Denmark
Visby Apoteket 3,Sweden
Visby Apoteket 6,Sweden
Visby Novisen 4,Sweden
Visby Novisen 5,Sweden
Visby Novisen 6,Sweden
Vivekananda Institute of Professional Studies,India
Vlissingen railway station,Netherlands
Vogelsberg wind farm,Germany
Volksbank Arena,Germany
Volley Bergamo,Italy
Volta a Portugal de 2019,Portugal
Volvo Open Cup 37th - senior ice dance rhythm dance,Latvia
Vox Publica,Norway
Vubwi District,Zambia
Vuntut National Park,Canada
Vác,Hungary
Västanfors IF,Sweden
Vůznice,Czech Republic
Waag,Netherlands
"Wachauerhof, Wien",Austria
Wadi al Hayaa District,Libya
Wadi al Shatii District,Libya
Waldeck,Canada
Waldeck-Frankenberg,Germany
Waldshut,Germany
Wall of Češov,Czech Republic
Wall Street bombing,United States of America
Wall To Front Garden Of Cumberland Priory With Two Sets Of Gate Piers,United Kingdom
Wallace Lake Provincial Park,Canada
Walt Disney World Resort,United States of America
Walter Cronkite School of Journalism and Mass Communication,United States of America
Walter Lemke Department of Journalism,United States of America
War Cross for Military Valour,Italy
Warwickshire,United Kingdom
Waseca,Canada
Washington's at-large congressional district,United States of America
Wasserburg power station,Germany
Watchorn Provincial Park,Canada
water play on the Bundesplatz,Switzerland
Waverley Park,Australia
Waverley Primary School,United Kingdom
Wayne County RESA,United States of America
we.R.play,Pakistan
Wedza Communal Land,Zimbabwe
Wegweiser Kronburg,Germany
Weinstadt,Germany
Wellington Council,Australia
Wenden Voivodeship,Latvia
Wenlock Communal Land,Zimbabwe
Wertheim,Germany
Wesoła,Poland
West Glamorgan County Council,Wales
West Hill Primary School,United Kingdom
West Sussex,United Kingdom
West Triplet Geyser,United States of America
West Virginia University,United States of America
West Virginia's 5th congressional district,United States of America
West Virginia's 6th congressional district,United States of America
West Virginia's at-large congressional seat,United States of America
Western Fleet,Saudi Arabia
Westlands Primary School,United Kingdom
Westminster Scholars War Memorial,United Kingdom
Westmorland,United Kingdom
Weston Lake,United States of America
Wests Tigers,Australia
Weya Communal Land,Zimbabwe
White Flint Mall,United States of America
Whitehouse Primary School,United Kingdom
Widmann fountain,Switzerland
Widnes Vikings,United Kingdom
Wierickerschans,Netherlands
Wigan Warriors,United Kingdom
Wilanów,Poland
Wilcox,Canada
Wild Thing,United States of America
Winchester Guildhall,United Kingdom
Winchester House School,United Kingdom
Windpark A7,Netherlands
Winnenden,Germany
Winston Churchill Memorial,Czech Republic
Wisconsin's 10th congressional district,United States of America
Wisconsin's 11th congressional district,United States of America
Witte Venn,Netherlands
Wiwon County,North Korea
Wohldorfer Wald,Germany
Women's Basketball Hall of Fame ID,United States of America
Women's Collegiate Tennis Hall of Fame ID,United States of America
Wonosari,Indonesia
Wonsan,North Korea
Woodbury Graded School,United States of America
Woodland Township,United States of America
Worawa Aboriginal College,Australia
Worcester Village School,United States of America
Worcestershire,United Kingdom
Worcestershire Acute Hospitals NHS Trust,United Kingdom
Wołów,Poland
WrestleMania 2,United States of America
WrestleMania 35,United States of America
WrestleMania III,United States of America
WrestleMania IV,United States of America
Wringin,Indonesia
WV22,Egypt
WWE Greatest Royal Rumble,Saudi Arabia
Wybelsumer Polder wind farm,Germany
Wybunbury Moss,United Kingdom
Włochy,Poland
Xcelerator,United States of America
Xiangheyuan Subdistrict,People's Republic of China
Xibër,Albania
Xichang'anjie Subdistrict,People's Republic of China
Xidi,People's Republic of China
Xinzhuang Guangfu Temple,Taiwan
Yakovo,Bulgaria
Yalagüina,Nicaragua
Yam-Tyosovskoe,Russia
Yamagata Prefectural Library,Japan
Yamaha Corporation,Japan
Yamanashi Prefectural Library,Japan
Yamato Province,Japan
Yanovichi,Belarus
Yanyuan Subdistrict,People's Republic of China
Yao'an Yao Ethnic Township,People's Republic of China
Yavoriv Raion,Ukraine
Yefremovsky District,Russia
Yevpatoria Bay,Russia
Yha Hostel,United Kingdom
Ymca Hostel,United Kingdom
Yongxing,People's Republic of China
York City Council,United Kingdom
York South—Weston,Canada
Yorkshire,United Kingdom
York—Simcoe,Canada
Yorosso Cercle,Mali
Ysyk-Ata District,Kyrgyzstan
Ytre Vikna wind farm,Norway
Yurukovo,Bulgaria
Za-Kpota,Benin
Zafarronada de Omaña,Spain
Zagnanado,Benin
Zalaegerszeg,Hungary
Zambezi District,Zambia
Zhombe Communal Land,Zimbabwe
Zhydachiv Raion,Ukraine
Zimbabwe,Zimbabwe
Zimbiti Communal Land,Zimbabwe
Zimella,Italy
Zimní stadion Hradec Králové,Czech Republic
Zimuto Communal Land,Zimbabwe
Zizhuyuan Subdistrict,People's Republic of China
zodiac signs,Switzerland
Zona Artigianale S.P. 157,Italy
Zona Industriale,Italy
Zona Industriale Comiti,Italy
Zona Industriale De Magistris,Italy
Zona Industriale Edilmac,Italy
Zygi Memorial Lighthouse keeper,Poland
Ács,Hungary
Ängesbyn Skaulo,Sweden
Ækongen,Norway
École supérieure de journalisme de Paris,France
Étonnants voyageurs participant ID,France
Čičák,Czech Republic
Ķekava Municipality,Latvia
Ľaliové sedlo,Slovakia
Ōita,Japan
Ōsumi Province,Japan
Žarnov,Slovakia
Židák u Rožďalovic,Czech Republic
Živanické jezero,Czech Republic
娥,People's Republic of China
