Subject,Object
"""Ask and you shall be given"" : Pentecostalism and the economic crisis in Cameroon",scientific work
'The Long Black Death': New Perspectives,academic conference
"(6Z,9Z,12Z,15Z,18Z)-tetracosapentaenoyl-CoA",chemical compound
"(6Z,9Z,12Z,15Z,18Z)-tetracosapentaenoyl-CoA",fatty acyl-CoA
"(E)-2,3-didehydropristanoyl-CoA",chemical compound
"(E)-2,3-didehydropristanoyl-CoA",fatty acyl-CoA
(RS)-citalopram,pair of enantiomers
.NET Framework,app layer
.NET Framework,computational framework
.NET Framework,computing platform
.us,cctld
0s,decade
101 Piscium,celestial star
101 Piscium,near-infrared source
101 Piscium,var
105 Mile Post Indian Reserve No. 2,Indian reserve
1051,highly touchable number
1051,odd number
106,centered heptagonal number
11,repunit prime
1120s,10 years
1120s,decade
1159,odd number
11th arrondissement of Paris,arrondissement
11th U-boat Flotilla,german navy submarine flotilla
1201,odd number
126,decagonal number
129,odd number
12th arrondissement of Paris,arrondissement
12th century,centenary
134-136 Walton Street,terrace of houses
1361,odd number
"140–142 Cumberland Street, The Rocks",terrace of houses
148,centered heptagonal number
1531,odd number
1561,odd number
16th Street Baptist Church bombing,explosion
18,heptagonal number
1884,leap year
1884,year
1893 European Rowing Championships,European Rowing Championships
1894 European Rowing Championships,European Rowing Championships
1896 European Rowing Championships,European Rowing Championships
1897 European Rowing Championships,athletics meeting instance
1897 European Rowing Championships,European Rowing Championships
1898 European Rowing Championships,European Rowing Championships
1898 World Allround Speed Skating Championships for men,World Allround Speed Skating Championships for Men
1900 World Allround Speed Skating Championships for men,World Allround Speed Skating Championships for Men
1901,odd number
1905 Irish Open Badminton Championships,Irish Open Badminton Championships
1906 United Kingdom general election,United Kingdom general election
1912 European Rowing Championships,European Rowing Championships
1913 European Rowing Championships,European Rowing Championships
1914 World Allround Speed Skating Championships for men,World Allround Speed Skating Championships for Men
1920 European Rowing Championships,European Rowing Championships
1922 European Rowing Championships,athletics meeting instance
1922 European Rowing Championships,European Rowing Championships
1924 European Rowing Championships,European Rowing Championships
1927 World All-Round Speed Skating Championships for men,World Allround Speed Skating Championships for Men
1928 3-cushion world championship,UMB World Three-cushion Championship
1929 3-cushion world championship,UMB World Three-cushion Championship
1930 European Rowing Championships,athletics meeting instance
1930 European Rowing Championships,European Rowing Championships
1931 European Rowing Championships,european rowing championships
1931 European Rowing Championships,game season
1932 European Rowing Championships,European Rowing Championships
1933 Irish Open Badminton Championships,Irish Open Badminton Championships
1934 Irish Open Badminton Championships,Irish Open Badminton Championships
1935 European Rowing Championships,European Rowing Championships
1935 Irish Open Badminton Championships,Irish Open Badminton Championships
1936 Irish Open Badminton Championships,Irish Open Badminton Championships
1937 Irish Open Badminton Championships,Irish Open Badminton Championships
1938 Irish Open Badminton Championships,Irish Open Badminton Championships
1939 Irish Open Badminton Championships,Irish Open Badminton Championships
1939 World All-Round Speed Skating Championships for Men,World Allround Speed Skating Championships for Men
1944,calendar year
1944,leap year
1945 Danish Folketing election,Danish parliamentary election
1947,calendar year
1947 Danish Folketing election,Danish parliamentary election
1947 Irish Open Badminton Championships,Irish Open Badminton Championships
1947 World All-Round Speed Skating Championships for Men,World Allround Speed Skating Championships for Men
1948,calendar year
1948,leap year
1948 Irish Open Badminton Championships,Irish Open Badminton Championships
1949 European Rowing Championships,European Rowing Championships
1949 Irish Open Badminton Championships,Irish Open Badminton Championships
1949 Paris–Brussels,Brussels Cycling Classic
1950 Danish Folketing election,Danish parliamentary election
1950 Irish Open Badminton Championships,Irish Open Badminton Championships
1950 Paris–Brussels,Brussels Cycling Classic
1951,calendar year
1951 Paris–Brussels,Brussels Cycling Classic
1951 United Kingdom general election,United Kingdom general election
1952,calendar year
1952,leap year
1952 Paris–Brussels,Brussels Cycling Classic
1953 Danish Folketing election,Danish parliamentary election
1953 Danish general election,Danish parliamentary election
1953 European Rowing Championships,European Rowing Championships
1954 European Rowing Championships,European Rowing Championships
1955 Icelandic Badminton Championships,Icelandic Badminton Championships
1956,calendar year
1956,leap year
1956 Icelandic Badminton Championships,Icelandic Badminton Championships
1956 US Open Badminton Championships,US Badminton Championships
1957 European Rowing Championships,European Rowing Championships
1957 Icelandic Badminton Championships,Icelandic Badminton Championships
1957 US Open Badminton Championships,US Badminton Championships
1957 World All-Round Speed Skating Championships for Men,World Allround Speed Skating Championships for Men
1958 Belgian Badminton Championships,Belgian Badminton Championships
1958 European Rowing Championships,European Rowing Championships
1958 Icelandic Badminton Championships,Icelandic Badminton Championships
1958 Milan–San Remo,milan - san remo
1958 Milan–San Remo,Milan – San Remo
1958 US Open Badminton Championships,US Badminton Championships
1959 Belgian Badminton Championships,Belgian Badminton Championships
1959 Icelandic Badminton Championships,Icelandic Badminton Championships
1959 US Open Badminton Championships,US Badminton Championships
1960 Belgian Badminton Championships,Belgian Badminton Championships
1960 Danish general election,Danish parliamentary election
1960 Icelandic Badminton Championships,Icelandic Badminton Championships
1960 US Open Badminton Championships,US Badminton Championships
1961 Belgian Badminton Championships,Belgian Badminton Championships
1961 Icelandic Badminton Championships,Icelandic Badminton Championships
1961 World All-Round Speed Skating Championships for Men,World Allround Speed Skating Championships for Men
1962 Belgian Badminton Championships,Belgian Badminton Championships
1962 European Athletics Championships,athletics meeting instance
1962 European Athletics Championships,European Athletics Championships
1962 European Rowing Championships,European Rowing Championships
1962 Malaysia Open Badminton Championships,Malaysia Open Badminton Championships
1962 Vuelta a Guatemala,Vuelta a Guatemala
1963 Australian Badminton Championships,Australian Badminton Championships
1963 Belgian Badminton Championships,Belgian Badminton Championships
1963 European Rowing Championships,European Rowing Championships
1963 Uber Cup,Uber Cup
1963 US Open Badminton Championships,US Badminton Championships
1963 Vuelta a Guatemala,Vuelta a Guatemala
1964 Belgian Badminton Championships,Belgian Badminton Championships
1964 Danish general election,Danish parliamentary election
1964 European Rowing Championships,European Rowing Championships
1964 United Kingdom general election,United Kingdom general election
1964 US Open Badminton Championships,US Badminton Championships
1964 Vuelta a Guatemala,Vuelta a Guatemala
1964 World 3-cushion championship,UMB World Three-cushion Championship
1965 Belgian Badminton Championships,Belgian Badminton Championships
1965 US Open Badminton Championships,US Badminton Championships
1965 Vuelta a Guatemala,Vuelta a Guatemala
1966 Belgian Badminton Championships,Belgian Badminton Championships
1966 Danish general election,Danish parliamentary election
1966 European Rowing Championships,European Rowing Championships
1966 Milan–San Remo,Milan – San Remo
1966 Uber Cup,Uber Cup
1966 Vuelta a Guatemala,Vuelta a Guatemala
1967 Australian Badminton Championships,Australian Badminton Championships
1967 Belgian Badminton Championships,Belgian Badminton Championships
1967 European Rowing Championships,European Rowing Championships
1967 Vuelta a Guatemala,Vuelta a Guatemala
1967 World All-Round Speed Skating Championships for Men,World Allround Speed Skating Championships for Men
1968 Belgian Badminton Championships,Belgian Badminton Championships
1968 European Indoor Games,athletics meeting instance
1968 European Rowing Championships,European Rowing Championships
1968 Vuelta a Guatemala,Vuelta a Guatemala
1968 Welsh International Badminton Championships,Welsh International Badminton Championships
1968 World All-Round Speed Skating Championships for Men,World Allround Speed Skating Championships for Men
1969 European Athletics Championships,European Athletics Championships
1969 European Indoor Games,athletics meeting instance
1969 Vuelta a Guatemala,Vuelta a Guatemala
1969 Welsh International Badminton Championships,Welsh International Badminton Championships
"1970 Tour de Romandie, Prologue",team time trial
1970 Vuelta a Guatemala,Vuelta a Guatemala
1971 Danish general election,Danish parliamentary election
1971 European Athletics Championships,European Athletics Championships
1971 Vuelta a Guatemala,Vuelta a Guatemala
1971 World All-Round Speed Skating Championships for Men,World Allround Speed Skating Championships for Men
1973 European Junior Badminton Championships,European Junior Badminton Championships
1974 GDR Badminton Championships,GDR Badminton Championships
1975 NBA Draft,National Basketball Association Draft
1975 Toray Sillook Open,Pan Pacific Open
1975 Uber Cup,Uber Cup
1975 World All-Round Speed Skating Championships for Men,World Allround Speed Skating Championships for Men
1976 American Airlines Tennis Games,Indian Wells Masters
1976 American Airlines Tennis Games,tennis competition edition
1976 American Airlines Tennis Games – Singles,tennis event
1976 Asian Junior Badminton Championships,Asian Junior Badminton Championships
1977 American Airlines Tennis Games,Indian Wells Masters
1977 European Junior Badminton Championships,European Junior Badminton Championships
1978 GDR Badminton Championships,GDR Badminton Championships
1978 Uber Cup,Uber Cup
1979 ABN World Tennis Tournament,tennis competition edition
1979 ABN World Tennis Tournament,tennis tournament edition
1979 European Junior Badminton Championships,European Junior Badminton Championships
1979 Formula One season,game season
1979 German Grand Prix,athletics meeting instance
1979 United Kingdom general election,United Kingdom general election
1980 GDR Badminton Championships,GDR Badminton Championships
1980 Milan–San Remo,Milan – San Remo
1981 Uber Cup,Uber Cup
1982 Lliga Catalana de Bàsquet,game season
1982 Lliga Catalana de Bàsquet,sports season
1983 European Junior Badminton Championships,European Junior Badminton Championships
1983 German Grand Prix,athletics meeting instance
1983 United Kingdom general election,United Kingdom general election
1984 Canadian Open Badminton Championships,Canadian Open Badminton Championships
1984 German Grand Prix,athletics meeting instance
1984 Nehru Cup,sports season
1985 Clásica de San Sebastián,Clásica de San Sebastián
1985 European Junior Badminton Championships,European Junior Badminton Championships
1986 Danmark Rundt,Danmark Rundt
1986 GDR Badminton Championships,GDR Badminton Championships
1986 German Grand Prix,athletics meeting instance
1986 Pilot Pen Classic,tennis tournament edition
1986 Slovenian Badminton Championships,Slovenian Badminton Championships
1987 Canadian Open Badminton Championships,Canadian Open Badminton Championships
1987 Clásica de San Sebastián,Clásica de San Sebastián
1987 Dow Chemical Classic,tennis competition edition
1987 Dow Chemical Classic – Singles,tennis event
1987 Pilot Pen Classic,tennis tournament edition
1987 Slovenian Badminton Championships,Slovenian Badminton Championships
1987 UCI Road World Championships – Women's road race,UCI Road World Championships – Women's road race
1988 Canadian Open Badminton Championships,Canadian Open Badminton Championships
1988 Clásica de San Sebastián,Clásica de San Sebastián
1988 Danish general election,Danish parliamentary election
1988 Slovenian Badminton Championships,Slovenian Badminton Championships
1988 Spanish Open,spanish open
1988 Spanish Open,tennis competition edition
1989 Canadian Open Badminton Championships,Canadian Open Badminton Championships
1989 Milan–San Remo,milan - san remo
1989 Milan–San Remo,Milan – San Remo
1989 Slovenian Badminton Championships,Slovenian Badminton Championships
1989 Spanish Open,spanish open
1989 Spanish Open,tennis competition edition
1989 UCI Road World Championships – Women's road race,UCI Road World Championships – Women's road race
1990 Canadian Open Badminton Championships,Canadian Open Badminton Championships
1990 Slovenian Badminton Championships,Slovenian Badminton Championships
1990 UCI Road World Championships – Women's road race,UCI Road World Championships – Women's road race
1991 Australian Grand Prix,athletics meeting instance
1991 Australian Grand Prix,ausgp
1991 Canadian Grand Prix,athletics meeting instance
1991 Canadian Grand Prix,canadian grand prix
1991 Estonian Badminton Championships,Estonian Badminton Championships
1991 Slovenian Badminton Championships,Slovenian Badminton Championships
1991 UCI Road World Championships – Women's road race,UCI Road World Championships – Women's road race
1992 Canadian Open Badminton Championships,Canadian Open Badminton Championships
1992 Internationaux de Strasbourg,internationaux de strasbourg
1992 Internationaux de Strasbourg,tennis competition edition
1992 Slovenian Badminton Championships,Slovenian Badminton Championships
1992 Volta ao Alentejo,Volta ao Alentejo
1992 Welsh International Badminton Championships,Welsh International Badminton Championships
1993 Internationaux de Strasbourg,internationaux de strasbourg
1993 Internationaux de Strasbourg,tennis competition edition
1993 Internationaux de Strasbourg,tennis tournament edition
1993 Slovenian Badminton Championships,Slovenian Badminton Championships
1993 UCI Road World Championships – Women's road race,UCI Road World Championships – Women's road race
1993 Volta ao Alentejo,Volta ao Alentejo
1994 Clásica de San Sebastián,Clásica de San Sebastián
1994 Estonian Badminton Championships,Estonian Badminton Championships
1994 FIBA Europe Under-20 Championship,sports season
1994 Open Gaz de France,tennis tournament edition
1994 Slovenian Badminton Championships,Slovenian Badminton Championships
1994 Texas gubernatorial election,governor elections
1994 Volta ao Alentejo,Volta ao Alentejo
1995 Canadian Open Badminton Championships,Canadian Open Badminton Championships
1995 European Grand Prix,athletics meeting instance
1995 European Grand Prix,european grand prix
1995 Slovenian Badminton Championships,Slovenian Badminton Championships
1995 UCI Road World Championships,uci road world championships
1995 UCI Road World Championships – Women's road race,UCI Road World Championships – Women's road race
1995 Volta ao Alentejo,Volta ao Alentejo
1995 Welsh International Badminton Championships,Welsh International Badminton Championships
1996 Estonian Badminton Championships,Estonian Badminton Championships
1996 Slovenian Badminton Championships,Slovenian Badminton Championships
1996 Volta ao Alentejo,Volta ao Alentejo
1996 Welsh International Badminton Championships,Welsh International Badminton Championships
1997,calendar year
1997 Asian Junior Badminton Championships,Asian Junior Badminton Championships
1997 Clásica de San Sebastián,Clásica de San Sebastián
1997 NBA Draft,National Basketball Association Draft
1997 Slovenian Badminton Championships,Slovenian Badminton Championships
1997 Toray Pan Pacific Open,tennis tournament edition
1997 United Kingdom general election,United Kingdom general election
1997 Volta ao Alentejo,Volta ao Alentejo
1998 Asian Junior Badminton Championships,Asian Junior Badminton Championships
1998 Open Gaz de France,Open GDF Suez
1998 Páginas Amarillas Open,tennis competition edition
1998 Páginas Amarillas Open,WTA Madrid Open
1998 Páginas Amarillas Open – Singles,tennis event
1998 Route Adélie,Route Adélie
1998 Volta ao Alentejo,Volta ao Alentejo
1999 Asian Junior Badminton Championships,Asian Junior Badminton Championships
1999 Clásica de San Sebastián,clasica ciclista san sebastian
1999 Clásica de San Sebastián,Clásica de San Sebastián
1999 Direct Line International Championships,eastbourne international (women)
1999 Direct Line International Championships,tennis competition edition
1999 European Grand Prix,athletics meeting instance
1999 European Grand Prix,european grand prix
1999 Volta ao Alentejo,Volta ao Alentejo
1st Ukrainian Front,front
20 Camelopardalis,celestial star
20 Camelopardalis,infrared source
20 Camelopardalis,near-infrared source
2000 African Badminton Championships,athletics meeting instance
2000 Asian Junior Badminton Championships,Asian Junior Badminton Championships
2000 Clásica de San Sebastián,clasica ciclista san sebastian
2000 Clásica de San Sebastián,Clásica de San Sebastián
2000 DFS Classic,tennis competition edition
2000 DFS Classic – Doubles,tennis event
2000 Direct Line International Championships,eastbourne international (women)
2000 Direct Line International Championships,tennis competition edition
2000 Energis Dutch Open,tennis competition edition
2000 Estonian Badminton Championships,Estonian Badminton Championships
2000 NBA Draft,National Basketball Association Draft
2000 Volta ao Alentejo,Volta ao Alentejo
2001 Asian Junior Badminton Championships,Asian Junior Badminton Championships
2001 Britannic Asset Management International Championships,eastbourne international (women)
2001 Britannic Asset Management International Championships,tennis competition edition
2001 Clásica de San Sebastián,clasica ciclista san sebastian
2001 Copa Colsanitas,tennis tournament edition
2001 Danish general election,Danish parliamentary election
2001 Denmark Open Badminton Championships,Denmark Open Badminton Championships
2001 Israeli Badminton Championships,Israeli Badminton Championships
2001 Pilot Pen Tennis,tennis tournament edition
2001 Ten Days of Dawn,Iran International Badminton Championships
2001 Volta ao Alentejo,Volta ao Alentejo
2002 Asian Junior Badminton Championships,Asian Junior Badminton Championships
2002 Denmark Open Badminton Championships,Denmark Open Badminton Championships
2002 Energis Open,tennis competition edition
2002 European Grand Prix,athletics meeting instance
2002 European Grand Prix,european grand prix
2002 Irish Open Badminton Championships,Irish Open Badminton Championships
2002 Israeli Badminton Championships,Israeli Badminton Championships
2002 Ten Days of Dawn,Iran International Badminton Championships
2002 Texas gubernatorial election,governor elections
2002 Toray Pan Pacific Open,tennis tournament edition
2003 Clásica de San Sebastián,clasica ciclista san sebastian
2003 Clásica de San Sebastián,Clásica de San Sebastián
2003 Copa Colsanitas,tennis tournament edition
2003 European Grand Prix,athletics meeting instance
2003 European Grand Prix,european grand prix
2003 Irish Open Badminton Championships,Irish Open Badminton Championships
2003 Israeli Badminton Championships,Israeli Badminton Championships
2003 Pilot Pen Tennis,tennis tournament edition
2003 Priority Telecom Open,tennis competition edition
2003 Welsh International Badminton Championships,Welsh International Badminton Championships
2004 Asian Junior Badminton Championships,Asian Junior Badminton Championships
2004 Copa Colsanitas,Copa Colsanitas
2004 Danmark Rundt,Danmark Rundt
2004 Denmark Open Badminton Championships,Denmark Open Badminton Championships
2004 Iran International Badminton Championships,Iran International Badminton Championships
2004 Israeli Badminton Championships,Israeli Badminton Championships
2004 Open Gaz de France,Open GDF Suez
2004 Pilot Pen Tennis,tennis tournament edition
2004 Thomas Cup – Qualification America,badminton qualification tournament
2005 Asian Junior Badminton Championships,Asian Junior Badminton Championships
2005 Danish general election,Danish parliamentary election
2005 Denmark Open Badminton Championships,Denmark Open Badminton Championships
2005 European Figure Skating Championships - ice dancing compulsory dance,compulsory dance
2005 Israeli Badminton Championships,Israeli Badminton Championships
2005 Toray Pan Pacific Open,tennis tournament edition
2005 UCI Road World Championships – Women's road race,UCI Road World Championships – Women's road race
2006 ABN AMRO World Tennis Tournament,tennis tournament edition
2006 Asian Junior Badminton Championships,Asian Junior Badminton Championships
2006 Australian Grand Prix,athletics meeting instance
2006 Cup of China - ice dancing original dance,original dance
2006 European Figure Skating Championships - ice dancing compulsory dance,compulsory dance
2006 Grand Prix d'Isbergues,1.1
2006 Illinois gubernatorial election,governor elections
2006 Israeli Badminton Championships,Israeli Badminton Championships
2006 Skate America - ice dancing original dance,original dance
2006 Skate Canada International - ice dancing original dance,original dance
2006 Thomas Cup – Qualification Africa,badminton qualification tournament
2006 Uber Cup – Qualification America,badminton qualification tournament
2006 UCI Road World Championships,uci road world championships
2006 UCI Road World Championships – Women's road race,UCI Road World Championships – Women's road race
2006 UCI Road World Championships – Women's road race,world road cycling championships - women rr
2006–07 Celtic League,edition of the celtic league
2007 ABN AMRO World Tennis Tournament,tennis tournament edition
2007 Asian Junior Badminton Championships,Asian Junior Badminton Championships
2007 Clásica de San Sebastián,clasica ciclista san sebastian
2007 Clásica de San Sebastián,Clásica de San Sebastián
2007 Cup of China - ice dancing original dance,original dance
2007 Cup of Russia - ice dancing original dance,original dance
2007 Danish general election,Danish parliamentary election
2007 Danmark Rundt,Danmark Rundt
2007 European Figure Skating Championships - ice dancing compulsory dance,compulsory dance
2007 European Junior Badminton Championships,European Junior Badminton Championships
2007 Grand Prix d'Isbergues,1.1
2007 Iran International Badminton Championships,Iran International Badminton Championships
2007 NHK Trophy - ice dancing original dance,original dance
2007 Pilot Pen Tennis,connecticut open
2007 Pilot Pen Tennis,tennis competition edition
2007 Pilot Pen Tennis,tennis tournament edition
2007 Skate America - ice dancing original dance,original dance
2007 Skate Canada International - ice dancing original dance,original dance
2007 Toray Pan Pacific Open,tennis tournament edition
2007 Trophée Eric Bompard - ice dancing original dance,original dance
2007 UCI Road World Championships – Women's road race,UCI Road World Championships – Women's road race
2007–08 Celtic League,edition of the celtic league
2008 Asian Junior Badminton Championships,Asian Junior Badminton Championships
2008 Australian Grand Prix,athletics meeting instance
2008 Clásica de San Sebastián,Clásica de San Sebastián
2008 Copa Colsanitas,tennis tournament edition
2008 Cup of China - ice dancing compulsory dance,compulsory dance
2008 Cup of Russia - ice dancing compulsory dance,compulsory dance
2008 Cup of Russia - ice dancing original dance,original dance
2008 Danmark Rundt,Danmark Rundt
2008 European Figure Skating Championships - ice dancing compulsory dance,compulsory dance
2008 German International Junior Badminton Championships,German International Junior Badminton Championships
2008 Giro di Lombardia,giro di lombardia
2008 Grand Prix d'Isbergues,1.1
2008 Grand Prix d'Isbergues,Grand Prix d'Isbergues
2008 Irish Open Badminton Championships,Irish Open Badminton Championships
2008 NHK Trophy - ice dancing original dance,original dance
2008 Pilot Pen Tennis,tennis tournament edition
2008 Pilot Pen Tennis,WTA New Haven
2008 Skate America - ice dancing compulsory dance,compulsory dance
2008 Skate Canada International - ice dancing compulsory dance,compulsory dance
2008 Toray Pan Pacific Open,tennis tournament edition
2008 Trophée Eric Bompard - ice dancing compulsory dance,compulsory dance
2008 Trophée Eric Bompard - ice dancing original dance,original dance
2008 Uber Cup – Qualification Africa,badminton qualification tournament
2008 UCI Road World Championships – Women's road race,UCI Road World Championships – Women's road race
2008–09 Celtic League,edition of the celtic league
2009 African Badminton Championships,athletics meeting instance
2009 Copa Sony Ericsson Colsanitas,Copa Colsanitas
2009 Copa Sony Ericsson Colsanitas,tennis competition edition
2009 Cup of China - ice dancing compulsory dance,compulsory dance
2009 European Figure Skating Championships - ice dancing compulsory dance,compulsory dance
2009 European Grand Prix,athletics meeting instance
2009 European Grand Prix,european grand prix
2009 European Junior Badminton Championships,European Junior Badminton Championships
2009 German International Junior Badminton Championships,German International Junior Badminton Championships
2009 Giro di Lombardia,giro di lombardia
2009 Grand Prix d'Isbergues,1.1
2009 Grand Prix d'Isbergues,Grand Prix d'Isbergues
2009 Legg Mason Tennis Classic,tennis competition edition
2009 Legg Mason Tennis Classic – Doubles,tennis event
2009 NBA Draft,National Basketball Association Draft
2009 NHK Trophy - ice dancing compulsory dance,compulsory dance
2009 Pilot Pen Tennis,connecticut open
2009 Pilot Pen Tennis,tennis competition edition
2009 Pilot Pen Tennis,tennis tournament edition
2009 Pilot Pen Tennis,WTA New Haven
2009 Rostelecom Cup - ice dancing compulsory dance,compulsory dance
2009 Route Adélie,1.1
2009 Route Adélie,Route Adélie
2009 Skate America - ice dancing compulsory dance,compulsory dance
2009 Skate Canada International - ice dancing compulsory dance,compulsory dance
2009 Thai Super Cup,sports season
2009 Toray Pan Pacific Open,tennis tournament edition
2009 UCI Road World Championships – Women's road race,UCI Road World Championships – Women's road race
2009 Virginia gubernatorial election,governor elections
2009 Volta ao Algarve,2.1
2009 Volta ao Algarve,Volta ao Algarve
2009–10 Celtic League,edition of the celtic league
2010 African Badminton Championships,africa badminton championships
2010 African Badminton Championships,athletics meeting instance
2010 European Athletics Championships,athletics meeting instance
2010 European Athletics Championships,European Athletics Championships
2010 German International Junior Badminton Championships,German International Junior Badminton Championships
2010 Grand Prix d'Isbergues,1.1
2010 Grand Prix d'Isbergues,Grand Prix d'Isbergues
2010 Open GDF Suez,Open GDF Suez
2010 Route Adélie,1.1
2010 Route Adélie,Route Adélie
2010 Thomas Cup – Qualification Asia,badminton qualification tournament
2010 Thomas Cup – Qualification Oceania,badminton qualification tournament
2010 Toray Pan Pacific Open,tennis tournament edition
2010 Uber Cup – Qualification Africa,badminton qualification tournament
2010 Uber Cup – Qualification Asia,badminton qualification tournament
2010 United Kingdom general election,United Kingdom general election
2010 Volta ao Algarve,Volta ao Algarve
2010–11 Celtic League,edition of the celtic league
2011 ABN AMRO World Tennis Tournament,tennis tournament edition
2011 African Badminton Championships,athletics meeting instance
2011 Australian Grand Prix,athletics meeting instance
2011 European Junior Badminton Championships,European Junior Badminton Championships
2011 German International Junior Badminton Championships,German International Junior Badminton Championships
2011 Grand Prix d'Isbergues,1.1
2011 Grand Prix d'Isbergues,Grand Prix d'Isbergues
2011 Internationaux de Strasbourg,tennis tournament edition
2011 Route Adélie,1.1
2011 southern Israel cross-border attacks,battle
2011 Toray Pan Pacific Open,tennis tournament edition
2011 UCI Road World Championships,uci road world championships
2011 UCI Road World Championships – Women's road race,UCI Road World Championships – Women's road race
2011 UCI Road World Championships – Women's road race,world road cycling championships - women rr
2012 Binche–Chimay–Binche,Binche-Chimay-Binche
2012 Clásica de San Sebastián,Clásica de San Sebastián
2012 Copa Sony Ericsson Colsanitas,Copa Colsanitas
2012 Copa Sony Ericsson Colsanitas,tennis competition edition
2012 European Grand Prix,athletics meeting instance
2012 European Grand Prix,european grand prix
2012 Four Days of Dunkirk,Four Days of Dunkirk
2012 German International Junior Badminton Championships,German International Junior Badminton Championships
2012 Grand Prix d'Isbergues,1.1
2012 Grand Prix d'Isbergues,Grand Prix d'Isbergues
2012 New Haven Open at Yale,tennis competition edition
2012 New Haven Open at Yale,tennis tournament edition
2012 New Haven Open at Yale,wta new haven
2012 Route Adélie,1.1
2012 Tokyo gubernatorial election,governor elections
2012 Toray Pan Pacific Open,tennis competition edition
2012 Toray Pan Pacific Open,tennis tournament edition
2012 UCI Road World Championships,uci road world championships
2012 UCI Road World Championships – Women's road race,UCI Road World Championships – Women's road race
2012 UCI Road World Championships – Women's road race,world road cycling championships - women rr
2012 United States House of Representatives elections in Hawaii,united states house of representatives election
2013 AFC Futsal Club Championship,sports season
2013 Australian Badminton Championships,Australian Badminton Championships
2013 Copa Colsanitas,tennis tournament edition
2013 European Junior Badminton Championships,European Junior Badminton Championships
2013 German International Junior Badminton Championships,German International Junior Badminton Championships
2013 Grand Prix d'Isbergues,Grand Prix d'Isbergues
2013 New Haven Open at Yale,tennis competition edition
2013 New Haven Open at Yale,wta new haven
2013 Virginia gubernatorial election,governor elections
2014 AFC Women's Asian Cup qualification,game season
2014 Australian Badminton Championships,Australian Badminton Championships
2014 Binche–Chimay–Binche,Binche-Chimay-Binche
2014 Caribbean Cup,sports season
2014 Connecticut Open,tennis competition edition
2014 Connecticut Open,WTA New Haven
2014 EMF miniEURO,sports season
2014 German International Junior Badminton Championships,German International Junior Badminton Championships
2014 Grand Prix d'Isbergues,Grand Prix d'Isbergues
2014 Indian general election in Basti Lok Sabha constituency,election
2014 Indian general election in Chalakudy Lok Sabha constituency,election
2014 Indian general election in Chennai South Lok Sabha constituency,election
2014 Indian general election in Chhattisgarh,election group
2014 Indian general election in Chikkballapur Lok Sabha constituency,election
2014 Indian general election in Dakshina Kannada Lok Sabha constituency,election
2014 Indian general election in Ghosi Lok Sabha constituency,election
2014 Indian general election in Gorakhpur Lok Sabha constituency,election
2014 Indian general election in Gurgaon Lok Sabha constituency,election
2014 Indian general election in Jammu Lok Sabha constituency,election
2014 Indian general election in Karnal Lok Sabha constituency,election
2014 Indian general election in Karnataka,election group
2014 Indian general election in Kottayam Lok Sabha constituency,election
2014 Indian general election in Mahasamund Lok Sabha constituency,election
2014 Indian general election in Mandla Lok Sabha constituency,election
2014 Indian general election in Mandya Lok Sabha constituency,election
2014 Indian general election in Mavelikkara Lok Sabha constituency,election
2014 Indian general election in Rajnandgaon Lok Sabha constituency,election
2014 Indian general election in Varanasi Lok Sabha constituency,election
2014 Indiana Fever season,basketball team season
2014 Internationaux de Strasbourg,Internationaux de Strasbourg
2014 Malaysia Super Series Premier,Malaysia Open Badminton Championships
2014 Tokyo gubernatorial election,governor elections
2014 United States House of Representatives election in Guam,united states house of representatives election
2014 United States House of Representatives election in South Dakota,united states house of representatives election
2014 United States House of Representatives elections,united states house of representatives election
2014–15 LPB season,sports season
2014–15 Pro12,edition of the celtic league
2015 Australian Badminton Championships,Australian Badminton Championships
2015 Binche–Chimay–Binche,Binche-Chimay-Binche
2015 Connecticut Open,tennis competition edition
2015 Connecticut Open,WTA New Haven
2015 Connecticut Sun season,basketball team season
2015 Danish general election,Danish parliamentary election
2015 European Junior Badminton Championships,European Junior Badminton Championships
2015 Florida Gators volleyball team,volleyball team season
2015 Giro del Piemonte,Giro del Piemonte
2015 Heilbronner Neckarcup,tennis competition edition
2015 Indiana Fever season,basketball team season
2015 Internationaux de Strasbourg,Internationaux de Strasbourg
2015 Los Angeles Sparks season,basketball team season
2015 Malaysia Super Series Premier,Malaysia Open Badminton Championships
2015 Milan – San Remo,1.UWT
2015 Paris–Roubaix,paris - roubaix
2015 Penn State Nittany Lions women's volleyball team,volleyball team season
2015 POMIS Cup,sports season
2015 Toray Pan Pacific Open,Pan Pacific Open
2015 UCI World Tour,uci world tour
2015 United Kingdom general election,United Kingdom general election
2015–16 Cypriot First Division,game season
2015–16 Cypriot First Division,sports season
2015–16 LNB Pro A season,sports season
2015–16 Pro12,edition of the celtic league
2016 Asian Junior Badminton Championships,Asian Junior Badminton Championships
2016 Binche–Chimay–Binche,Binche-Chimay-Binche
2016 BYU Cougars men's volleyball team,volleyball team season
2016 BYU Cougars women's volleyball team,volleyball team season
2016 Clásica de San Sebastián,1.UWT
2016 CONCACAF Futsal Championship,sports season
2016 Connecticut Open,tennis competition edition
2016 Connecticut Open,WTA New Haven
2016 Estonian presidential election,presidential election
2016 European Grand Prix,athletics meeting instance
2016 Gambian presidential election,first-past-the-post voting
2016 Gambian presidential election,presidential election
2016 Internationaux de Strasbourg,Internationaux de Strasbourg
2016 Kiribati presidential election,presidential election
2016 Le Samyn,1.1
2016 Ljubljana-Domžale-Ljubljana TT,Nagrada Ljubljane TT
2016 Malaysia Super Series Premier,athletics meeting instance
2016 Malaysia Super Series Premier,Malaysia Open Badminton Championships
2016 MercedesCup,tennis competition edition
2016 Milan–San Remo,1.UWT
2016 Milan–San Remo,Milan – San Remo
2016 New York and New Jersey bombings,bang
2016 New York and New Jersey bombings,explosion
2016 Toray Pan Pacific Open,Pan Pacific Open
2016 Toray Pan Pacific Open,tennis competition edition
2016 Tour de France,la grande boucle
2016 Tour de l'Ain,Tour de l'Ain
2016 United States presidential election in Pennsylvania,presidential election
2016 United States presidential election in Pennsylvania,united states presidential election in pennsylvania
2016 World Single Distance Speed Skating Championships – Men's 500 metres,racing
2016 World Single Distance Speed Skating Championships – Men's 5000 metres,racing
2016 World Single Distance Speed Skating Championships – Men's mass start,racing
2016 World Single Distance Speed Skating Championships – Women's 1500 metres,racing
2016 World Single Distance Speed Skating Championships – Women's 500 metres,racing
2016 World Single Distance Speed Skating Championships – Women's 5000 metres,racing
2016 World Single Distance Speed Skating Championships – Women's team pursuit,racing
2016-17 Ekstraklasa,sports season
2016–17 Pro12,edition of the celtic league
2017 Asian Junior Badminton Championships,Asian Junior Badminton Championships
2017 BYU Cougars men's volleyball team,volleyball team season
2017 Canadian Grand Prix,athletics meeting instance
2017 Clásica de San Sebastián,1.UWT
2017 Connecticut Open,tennis competition edition
2017 Connecticut Open,WTA New Haven
2017 European Athletics Indoor Championships,athletic competition
2017 European Athletics Indoor Championships,athletics meeting instance
2017 European Junior Badminton Championships,European Junior Badminton Championships
2017 Four Days of Dunkirk,Four Days of Dunkirk
2017 Fyen Rundt,Fyen Rundt
2017 GP Cham-Hagendorn,sports festival
2017 Har Adar shooting,act of terrorism
2017 Har Adar shooting,active shooter incident
2017 Har Adar shooting,murder
2017 Internationaux de Strasbourg,Internationaux de Strasbourg
2017 Kuurne–Brussels–Kuurne,kuurne–brussels–kuurne
2017 Ladies Tour of Norway,2.WWT
2017 Le Samyn,1.1
2017 Ljubljana-Domžale-Ljubljana TT,Nagrada Ljubljane TT
2017 Milano–Torino,milano–torino
2017 Milan–San Remo,1.UWT
2017 Milan–San Remo,Milan – San Remo
2017 Minnesota Lynx season,basketball team season
2017 Nasiriyah attacks,shooting attack
2017 Port Authority Bus Terminal explosion,explosion
2017 Port Authority Bus Terminal explosion,terrorist attack
2017 Slovenian presidential election,presidential election
2017 Slovenian presidential election,two-round system
2017 Sundvolden Grand Prix,Sundvolden Grand Prix
2017 Toray Pan Pacific Open,Pan Pacific Open
2017 Toray Pan Pacific Open,tennis competition edition
2017 Tour de l'Ain,2.1
2017 Tour Down Under,santos tour down under
2017 Tre Valli Varesine,tre valli varesine
2017 UCI Europe Tour,uci europe tour
2017 Utah State Aggies volleyball team,volleyball team season
2017 Utah Utes volleyball team,volleyball team season
2017 Vuelta a España,la vuelta
"2017 Vuelta a Guatemala, Stage 6",individual time trial
2017 Vuelta a la Comunidad de Madrid,Vuelta a la Comunidad de Madrid
2017 Women's European Volleyball Championship qualification,heat
2017 ZLM Tour,ZLM Tour
2017–18 USC Trojans men's basketball team,basketball team season
"2018 Adriatica Ionica Race, stage 1",team time trial
2018 AFC Women's Asian Cup qualification,game season
2018 AFC Women's Asian Cup qualification,heat
2018 Asian Junior Badminton Championships,Asian Junior Badminton Championships
2018 Australian Badminton Championships,Australian Badminton Championships
2018 Bora-Hansgrohe,UCI WorldTeam
2018 Clásica de San Sebastián,1.UWT
2018 Connecticut Open,tennis competition edition
2018 Connecticut Open,WTA New Haven
"2018 Czech Cycling Tour, stage 1",team time trial
2018 Erondegemse Pijl,Erondegemse Pijl
2018 European Junior Badminton Championships,European Junior Badminton Championships
2018 European Rowing Championships,European Rowing Championships
2018 Four Days of Dunkirk,Four Days of Dunkirk
2018 Georgian presidential election,presidential election
2018 Giro del Piemonte,1.HC
2018 Giro del Piemonte,Giro del Piemonte
2018 Giro del Piemonte,recurrent event edition
2018 Himmerland Rundt,Himmerland Rundt
2018 Internationaux de Strasbourg,Internationaux de Strasbourg
2018 Ladies Tour of Norway,2.WWT
2018 Ladies Tour of Norway,Ladies Tour of Norway
2018 Le Samyn,Le Samyn
"2018 Madrid Challenge by La Vuelta, stage 1",team time trial
2018 Magnitogorsk building collapse,explosion
2018 Magnitogorsk building collapse,structural failure
2018 Milan–San Remo,1.UWT
2018 Milan–San Remo,Milan – San Remo
2018 Montenegrin presidential election,presidential election
2018 Paris–Troyes,paris-troyes
"2018 Sibiu Cycling Tour, stage 3A",team time trial
2018 Skive-Løbet,Skive-Løbet
2018 Sundvolden Grand Prix,Sundvolden Grand Prix
2018 Toray Pan Pacific Open,Pan Pacific Open
"2018 Tour de France, stage 20",individual time trial
2018 Tour de l'Ain,Tour de l'Ain
"2018 Tour de l'Avenir, stage 4",team time trial
2018 Tour Down Under,santos tour down under
"2018 Tour of Britain, stage 5",team time trial
2018 UCI Road World Championships – Women's road race,world road cycling championships - women rr
2018 Vuelta a España,la vuelta
2018 Vuelta a la Comunidad de Madrid,Vuelta a la Comunidad de Madrid
2018 world 3-cushion championship,UMB World Three-cushion Championship
2018 ZLM Tour,ZLM Tour
2018-19 Ekstraklasa,sports season
2018-2019 Spanish Figure Skating Championships - senior ice dancing rhythm dance,rhythm dance
2019 Asian Junior Badminton Championships,Asian Junior Badminton Championships
2019 Australian Badminton Championships,Australian Badminton Championships
2019 CS Autumn Classic International - ice dancing rhythm dance,rhythm dance
2019 CS U.S. International Figure Skating Classic - ice dancing rhythm dance,rhythm dance
2019 German International Junior Badminton Championships,German International Junior Badminton Championships
2019 Gran Piemonte,1.HC
2019 Gran Piemonte,Giro del Piemonte
2019 IEEE International Conference on Big Data,academic conference
2019 Indonesian presidential election,presidential election
2019 Junior Grand Prix France - ice dancing rhythm dance,rhythm dance
2019 Junior Grand Prix Latvia - ice dancing rhythm dance,rhythm dance
2019 Junior Grand Prix Russia - ice dancing rhythm dance,rhythm dance
2019 Junior Grand Prix United States - ice dancing rhythm dance,rhythm dance
2019 Ladies Tour of Norway,Ladies Tour of Norway
2019 Le Samyn,Le Samyn
2019 North Macedonian presidential election,presidential election
2019 NRW Trophy - senior ice dancing rhythm dance,rhythm dance
2019 Paris–Roubaix,paris - roubaix
2019 Tour de Langkawi,tour de langkawi
2019 UCI Road World Championships – Women's road race,world road cycling championships - women rr
2019 Women's European Volleyball Championship qualification,heat
2020 Asian Junior Badminton Championships,Asian Junior Badminton Championships
2020 Australian Badminton Championships,Australian Badminton Championships
2020 German Junior International Badminton Championships,German International Junior Badminton Championships
2020 Le Samyn,le samyn
2020 Tarragona explosion,conflagration
2020 Tarragona explosion,explosion
2021 Australian Badminton Championships,Australian Badminton Championships
2021 German Junior International Badminton Championships,German International Junior Badminton Championships
2022 Australian Badminton Championships,Australian Badminton Championships
2023 Australian Badminton Championships,Australian Badminton Championships
2024 Australian Badminton Championships,Australian Badminton Championships
2025,calendar year
2025 Australian Badminton Championships,Australian Badminton Championships
2047,Mersenne number
2048,free or open-source video game
20s,10 years
20s,decade
21 cm Mörser 18,weapon model
211,highly touchable number
217-221 Stuart Street,terrace of houses
22,centered heptagonal number
22,deficient number
22,pentagonal number
"23 Marywood Square, Lamp Standard",streetlight
231,odd number
23rd Chess Olympiad,athletics meeting instance
24 Ophiuchi,infrared source
24th Chess Olympiad,athletics meeting instance
25,odd number
253,centered heptagonal number
253,triangular number
25th ACM SIGKDD Conference on Knowledge Discovery and Data Mining,academic conference
26 Canis Majoris,celestial star
26 Canis Majoris,chemically peculiar star
26 Canis Majoris,long period variable
26 Canis Majoris,near-infrared source
26 Canis Majoris,nsv
26 Canis Majoris,p
26 Canis Majoris,ultraviolet emission source
26 Canis Majoris,var
26 Draconis,astrophysical X-ray source
26 Draconis,infrared source
26th U-boat Flotilla,german navy submarine flotilla
28 Cancri,F-type main-sequence star
29th Chess Olympiad,athletics meeting instance
29th U-boat Flotilla,german navy submarine flotilla
2MASS J05300215-6956171,near-IR source
2MASS J06302940+0504123,young stellar object candidate
2MASS J06310608+0457529,young stellar object candidate
2MASS J07323341+7241408,cataclysmic variable star
2MASS J13264031-4726599,possible red giant branch star
2MASS J14382831+8229397,cataclysmic variable star
2MASS J17532059+2516492,cataclysmic variable star
2MASS J18314638-0210403,young stellar object candidate
2MASS J19002573+4537087,Red Giant Branch star
2MASS J19141637+4232025,Red Giant Branch star
2MASS J19264357+4807193,Red Giant Branch star
2MASS J19283666+4056278,Red Giant Branch star
2MASS J19371884+4346391,Red Giant Branch star
2MASS J19395696+4334456,Red Giant Branch star
2MASS J19453187+4724345,Red Giant Branch star
2MASS J19503280+4010153,Red Giant Branch star
2MASS J20431402+1536021,cataclysmic variable star
2MASS J21402500+5816106,young stellar object candidate
2MASS J21402588+5815262,young stellar object candidate
2MASS J23172102+5928480,near-IR source
2MASS6X J01015581-7232401,near-IR source
2nd U-boat Flotilla,german navy submarine flotilla
2nd Ukrainian Front,front
3-hydroxydocosanoyl-CoA,chemical compound
3-hydroxydocosanoyl-CoA,fatty acyl-CoA
3-hydroxyicosanoyl-CoA,chemical compound
3-hydroxyicosanoyl-CoA,fatty acyl-CoA
3-hydroxytetracosanoyl-CoA,chemical compound
3-hydroxytetracosanoyl-CoA,fatty acyl-CoA
3-oxodocosanoyl-CoA,chemical compound
3-oxodocosanoyl-CoA,fatty acyl-CoA
3-oxoicosanoyl-CoA,chemical compound
3-oxoicosanoyl-CoA,fatty acyl-CoA
3-oxotetracosanoyl-CoA,chemical compound
3-oxotetracosanoyl-CoA,fatty acyl-CoA
30s,10 years
30S ribosomal protein S7 Rv0683,protein
30S ribosomal protein S7 Rv0683,"protein obsoleted in UniProtKB, SwissProt, TrEMBL"
30th Street Station,bi-level railway station
30th Street Station,rail station
30th Street Station,station located underground
30th Street Station,tower station
31,highly touchable number
"35 Marywood Square, Lamp Standard",streetlight
3511,odd number
377,odd number
39 Draconis,binary star
39 Draconis,celestial star
39 Draconis,double star
39 Draconis,infrared source
39 Draconis,multiple star
39 Draconis,ultraviolet emission source
3rd term of the Senate of the Republic of Poland,legislative term
3rd U-boat Flotilla,german navy submarine flotilla
"3–9 High Street, Millers Point",terrace of houses
4 oaks in Bažantnice,grove
42 Draconis b,giant planet
42nd European Conference on Information Retrieval,academic conference
4th arrondissement of Paris,arrondissement
4th term of the Senate of the Republic of Poland,legislative term
5.0,album
50S ribosomal protein L1 Rv0641,"protein obsoleted in UniProtKB, SwissProt, TrEMBL"
567 King Street,house
568 Charlotte Street,house
569 Bolivar Street,house
572 Charlotte Street,house
573 Bolivar Street,house
573 King Street,house
574 Charlotte Street,house
575,odd number
575 King Street,house
5th power,integer sequence
5th term of the Senate of the Republic of Poland,legislative term
6,hexagonal number
6,triangular number
6 Draconis,celestial star
6 Draconis,infrared source
6 Draconis,near-infrared source
6 Draconis,sb
63,Mersenne number
63,odd number
638,centered heptagonal number
680s,decade
6889,centered octagonal number
6th International Conference on Computational Social Science,academic conference
"7 Marywood Square, Lamp Standard",streetlight
7.5 cm Gebirgsgeschütz 36,weapon model
7.5 cm leichtes Infanteriegeschütz 18,weapon model
7.5 cm Pak 40,weapon model
7.5 cm PaK 41,weapon model
71-75 Mowat Avenue,terrace of houses
7225,centered octagonal number
7569,centered octagonal number
781,hexadecagonal number
781,highly touchable number
7921,centered octagonal number
8,centered heptagonal number
8,cube
8,heptagonal pyramidal number
820s BC,10 years
8281,centered octagonal number
830s BC,10 years
830s BC,decade
833,odd number
841,centered heptagonal number
8649,centered octagonal number
870s BC,decade
89 Herculis,variable star
8th term of the Sejm of the Republic of Poland,legislative term
9 Persei,pulsating variable star
9025,centered octagonal number
97-101 Yonge Street,terrace of houses
[CBC2012] Obj6,Wolf–Rayet star
[CLK2012] 24,possible globular cluster
[FK2002] 229,compact group of galaxies
[FK2002] 6,compact group of galaxies
[FK2002] 84,compact group of galaxies
[GBN2014] 31,molecular cloud
[GBN2014] 34,molecular cloud
[GBN2014] 72,molecular cloud
[GCG2013] G2,Gravitational lens
[GTC2005] 6,galaxy group
[HS80] B182,supergiant
[KAD2010] SDSS J1537+6556 lens,Gravitational lens
[MCM2012] SA108 lens,Gravitational lens
[MCM2012] SA44 lens,Gravitational lens
[MLF2014] 105432,Blue straggler
[MLF2014] 121380,Blue straggler
[MLF2014] 6365,Blue straggler
[MMH2011] 72,possible globular cluster
[MMH2011] HUCD4,possible globular cluster
[MMH2011] HUCD45,possible globular cluster
[MMH2011] HUCD50,possible globular cluster
[NM2011] J013326.60+303550.3,Wolf–Rayet star
[NM2011] J013356.33+303420.8,Wolf–Rayet star
[PCC2011] C2,near-IR source
[PCC2011] C3,near-IR source
[SAB2013] SDSS J0105+0145 lens,Gravitational lens
[SAB2013] SDSS J0921+1810 lens,Gravitational lens
[SXY2015] 21,molecular cloud
[T98b] 70,compact group of galaxies
[VHH81] 152,possible globular cluster
[WH2007] UCD 8,possible globular cluster
A Cambridge Mass,musical composition
A Dangerous Adventure,serial film
A Dangerous Game of Hide-and-seek,manga chapter
A Floresta e a Glória,photograph
A Jazz Portrait of Frank Sinatra,studio album
A Person in Need of Rescue,manga chapter
A Scandal in Belgravia,direct-to-tv film
A Scandal in Bohemia,literary text
A Stop on the Journey,fragment
A Terrible Death,manga chapter
A Troublesome and Difficult Case,manga chapter
A. Gary Anderson Graduate School of Management,business school
Aalten,dutch municipality
Aarhus University,institution
Aarhus University,oa publisher
Aarhus University,public university
"Aarhus University, School of Business and Social Sciences",business school
Aaron Clauset,human
Abangares Canton,canton of Costa Rica
Abbaye Blanche,retirement home
Abbot Ice Shelf,ice shelf
Abdet,hamlet
Abdet,minor local entity of Spain
Abdet,pedanía
Abdulinsky District,raion of the Soviet Union
Abell 2199,astrophysical x-ray source
Abell 2199,galactic group
Abell 2199,gamma-ray source
Abell 2199,gravitational lens
Aberbaldie Nature Reserve Plan of Management,plan of management
Abercrombie River National Park Plan of Management,plan of management
"Aberdeen, Hazlehead Avenue, Hazelhead Park, K6 Telephone Kiosk",red telephone box
ABN AMRO,business
ABN AMRO,enterprise
Abrachia,disease
Abraham Van Helsing,book character
Abraham Van Helsing,cinematic character
Abraham Van Helsing,fictional human
Abraham Van Helsing,television character
"Abramov, Volgograd Oblast",khutir
ABSA Cargo Airline,cargo airline
ABX Air,cargo airline
acetaldehyde,chemical compound
acetone,chemical compound
Acilius 5,cross-reference
Acomayo Province,province of Peru
Aconia,crater
Acorn,merchant vessel
Acorn,schooner
"Acta Agriculturae Scandinavica, Section B",scientific journal
actinium-215,isotope of actinium
actinium-216,isotope of actinium
actinium-217,isotope of actinium
actinium-218,isotope of actinium
ACV-300,infantry fighting vehicle
Ada & Alice,schooner
ADAC,association
Adalaj Stepwell,stepwell
Adam,province of Oman
adapalene,chemical compound
adapalene,medication
adapalene/benzoyl peroxide,combination drug
Adobe AIR,computational tool
Adobe AIR,software
"Advances in coastal ecology : people, processes and ecosystems in Kenya",scientific work
Advisory Council for the National Transition,advisory board
Aelia,crater
Affoltern,former municipality of Switzerland
Afghanistan,sovereign state
African Meeting House,African-American museum
African Meeting House,beit knesset
African Meeting House,christian temple
African Meeting House,meeting house
African Meeting House,school
Africana,crater
AG Weser,boat yard
AG2R La Mondiale,citizen sector organization
AG2R La Mondiale 2018,UCI WorldTeam
Agia Sofia,Parish of Nicosia Municipality
Agios Ioannis,Parish of Nicosia Municipality
AGOVV Apeldoorn,football club
Agrasen ki Baoli,stepwell
Ahmed Aboutaleb,human
AirBridgeCargo Airlines,cargo airline
Ajax,federal electoral district of Canada
Ajung,third-level administrative country subdivision in Indonesia
Akademichesky District,district of Moscow
Akari,space observatory
AKB48,female idol group
Akpabuyo,Local Government area of Lagos State
Akwesasne 59,Indian reserve
Al Hamra,province of Oman
Al Hirschfeld,human
Al Makhadir District,district of Yemen
Al Seckel: Visual illusions that show how we,TED talk
Al-Buraimi,province of Oman
Alabama Legislature,bicameral legislature
Alabama Legislature,general assembly of a u.s. state
Alabama Senate,senate
Alabama Senate,state upper house in the united states
Albalat dels Sorells,municipality of spain
Albalat dels Sorells,municipality of the valencian community
Albana,crater
Albano Lacus,lacus
Albatross,merchant vessel
Albatross,yawl
Albemarle Primary School,foundation school
Alberni-Clayoquot Regional District,regional district of British Columbia
Albia,crater
Albina,resort of Suriname
Albion Township,township of Michigan
Albisrieden,former municipality of Switzerland
Alcanada,shingle beach
Alcona Township,township of Michigan
Aldwych tube station,London Underground station
Aldwych tube station,underground railway station
Aleksandr Medved,human
Aleksandr Yevgenyev,human
Aleksandriyskaya,stanitsa
Alexandrovsk-Sakhalinsky District,urban okrug in Russia
"Alexeyevskaya, Volgograd Oblast",stanitsa
Algansee Township,township of Michigan
Algoma Township,township of Michigan
Alien vs. Predator: Fire and Stone,limited series
Aliens,limited series
Aliens: Defiance,limited series
Aliens: Fire and Stone,limited series
Aliens: Life and Death,limited series
Aliens: Xenogenesis,limited series
ALIU Final Report,historical document
All-Athletics.com ID,Wikidata property for authority control for people
All-Athletics.com ID,Wikidata property related to athletics
Allegan Township,township of Michigan
Allegheny County,county of Pennsylvania
Allen Township,township of Michigan
Allen Township,township of Ohio
Allis Township,township of Michigan
Allouez Township,township of Michigan
Alluitsup Paa,rural area
allée Brancas,avenue
allée de la Tremperie,avenue
Almena Township,township of Michigan
Almira Township,township of Michigan
Almont Township,township of Michigan
Aloha Township,township of Michigan
Alpha Caeli,F-type main-sequence star
alpha-linolenic acid,medication
alpha-linolenic acid,unsaturated fatty acids
Alpha² Canum Venaticorum,F-type main-sequence star
Alt Penedès,comarca of Catalonia
Alt-Wiedikon,neighborhood
Altarpiece of Santos-o-Novo,cycle of paintings
Alte Rheinbrücke,wooden bridge
Alto Mijares,comarque of the Valencian Community
Altufyevsky District,district of Moscow
Alypia,crater
Amanda Township,township of Ohio
Amazing Journey: The Story of The Who,rockumentary
Ambatomainty,district of Madagascar
Ambilobe,district of Madagascar
Ambulu,third-level administrative country subdivision in Indonesia
American Humanist Association,association
Americká 7,tenement
AMiBA,cosmic microwave background experiment
AMiBA,radio interferometer
AMiBA,radio telescope
Amity,merchant vessel
AMP-dependent synthetase/ligase,protein domain
Amritavarshini Vav,stepwell
Amsterdam Centraal,metro station
Anakin Skywalker,fictional human
Analysis of Wikipedia's Translation Tool and its uses in Education,scientific conference paper
Anambra State,state of Nigeria
anandamide,endocannabinoids
anathem,concept
Ancient Greek theatre of Aigeira,Greek theatre
ancient Greek theatre of Pleuron,Greek theatre
ancient Greek theatre of Sicyon,Greek theatre
ancient theater of Calydon,Greek theatre
Ancient theater of Chaeronea,Greek theatre
Ancient theatre of Philippi,Greek theatre
Anderson Township,township of Ohio
Anderson's Hostel,hostel
Andramasina,district of Madagascar
Andrés Ibáñez Province,province of Bolivia
Angelina County,county of Texas
Angerme,female idol group
Angioletta,crater
Animais de Criação,item of collection or exhibition
Anju,city of North Korea
Anna Konkina,human
Anna Maria,merchant vessel
"Annals of Allergy, Asthma & Immunology",society journal
Annener Gußstahlwerk concentration camp,concentration camp
Annener Gußstahlwerk concentration camp,Nazi concentration camp
Anoia,comarca of Catalonia
Ansitz Herzoghof Krems,Ansitz
Ansitz Sonnenburg,Ansitz
Antelope,merchant vessel
Antelope,smack
Anton-Schrammel-Hof,Gemeindebau
Anton-Schrammel-Hof,multiple dwellings
Antonia,crater
"Antonine Wall and Mumrills fort, Sandy Loan to A905, Falkirk",scheduled section of Antonine Wall
"Antonine Wall, 120m SSW of Woodside Cottage",scheduled section of Antonine Wall
"Antonine Wall, 170m NNW to 305m NE of Falkirk High School",scheduled section of Antonine Wall
"Antonine Wall, 320m S of Inchyra Grange Hotel",scheduled section of Antonine Wall
"Antonine Wall, 350m SSE of Inchyra Grange Hotel",scheduled section of Antonine Wall
"Antonine Wall, Balmore Road to Summerston",scheduled section of Antonine Wall
"Antonine Wall, Callendar Park, Falkirk",scheduled section of Antonine Wall
"Antonine Wall, Crow Hill to Balmore Road",scheduled section of Antonine Wall
"Antonine Wall, Lime Road to Tamfourhill",scheduled section of Antonine Wall
"Antonine Wall, Millhall Burn to River Avon",scheduled section of Antonine Wall
"Antonine Wall, River Kelvin to 120m NE of Balmuildy Cottages",scheduled section of Antonine Wall
"Antonine Wall, Seabegs Wood, rampart, ditch and Military Way",scheduled section of Antonine Wall
"Antonine Wall, Summerston to River Kelvin",scheduled section of Antonine Wall
"Antonine Wall,Nether Kinneil-Inveravon,rampart & ditch",scheduled section of Antonine Wall
Antônio Pereira,district of Brazil
Anárion,men in Tolkien's legendarium
aperture,Wikidata property
Apollo 14,space mission
Apollo 15,human spaceflight
Apollo 15,space mission
Apollo 17,human spaceflight
Apollo 17,space mission
Appliqué inv. 724,bobbin lace
Appliqué inv. 733,appliqué
Appliqué inv. 734,appliqué
Appliqué inv. 739,appliqué
Appliqué inv. 848,appliqué
Appliqué inv. 9472,appliqué
Appliqué inv. 9619,appliqué
April 2014,calendar month of a given year
April 2016 Kabul attack,terrorist attack
"Apuntes para una biblioteca española de libros, folletos y artículos, impresos y manuscritos, relativos al conocimiento y explotación de las riquezas minerales y a las ciencias auxiliares : acompañados de reseñas biográficas y de un ligero resumen","version, edition, or translation"
Aquaculture,trade magazine
aquathlon,type of sport
Arab-Norman Palermo and the Cathedral Churches of Cefalú and Monreale,UNESCO World Heritage Site
arachidonic acid,chemical compound
Arad,city council
Arbeiterwohlfahrt,association
Arbeitsgemeinschaft Literarischer Gesellschaften und Gedenkstätten,association
Arbory Hill,contour fort
Arc de la casa de Mateu Tort,arch
Arc gòtic amb inscripció,arch
Arch of Hadrian,arch
Archives LGBTQI,voluntary association
Arcs del carrer Major,arch
Ardalion Ignatyev,human
Argentina,sovereign state
Argentina at the 2018 FIFA World Cup,Argentina at the FIFA World Cup
Ariettes oubliées,song cycle
Aristophanes 12,encyclopedic article
Aristophanes 14,encyclopedic article
Aristophanes 16,encyclopedic article
Aristophon 7,encyclopedic article
Arivonimamo,district of Madagascar
Arjasa,third-level administrative country subdivision in Indonesia
Armia Krajowa,armed organization
Arnasco,Comune sparso
Aroma Province,province of Bolivia
Arovo,hamlet
Arrecife Algerine,reef
Arruntia,crater
Art Looting Investigation Unit,historical document
Arthur's Seat,contour fort
Arthur-Schnitzler-Hof,Gemeindebau
Artisan Entertainment,film production company
artist-info curator ID,Wikidata property related to art
artist-info exhibition ID,Wikidata property for an identifier
artist-info exhibition ID,Wikidata property related to art
artist-info location ID,Wikidata property for an identifier
artist-info location ID,Wikidata property related to art
Arya Stark,A Song of Ice and Fire character
Arya Stark,fictional child
Arya Stark,Game of Thrones character
Aréthuse-class submarine,submarine class
As Salafiyah District,district of Yemen
As Sawma'ah District,district of Yemen
AS-202,sub-orbital spaceflight
Asamblea Nacional Consultiva,advisory board
ASC Pty Ltd,shipbuilding company
Asenovgrad,municipality seat
Ashi-se,reef
Ashwood School Gymnasium and Auditorium,gymnasium
ASL Airlines Belgium,air carrier
ASL Airlines Belgium,air freight carrier
ASL Airlines Belgium,cargo airline
aspirin,combustible powder
aspirin,Developmental Toxicant
aspirin,essential medicine
Asseln wind farm,wind farm
Association of the Scientific Medical Societies in Germany,association
Association pour la recherche et l'archivage de la mémoire arménienne,voluntary association
Associação Desportiva Jaraguá,football club
Associação Desportiva Jaraguá,futsal team
Astana 2018,UCI WorldTeam
ASTM D4628,ASTM standard
ASTM D4642,ASTM standard
ASTM D4815,ASTM standard
ASTM D4953,ASTM standard
ASTM D4975,ASTM standard
ASTM D5127,ASTM standard
ASTM D5135,ASTM standard
ASTM D5502,ASTM standard
ASTM D5504,ASTM standard
Astrolabe-Quadrant: Gunter-type,quadrant
Astrolabe-Quadrant: Sutton-type,astrolabe
Astrolabe-Quadrant: Sutton-type,quadrant
Astrolabe-Quadrant: Universal Horizon/Azimuth,quadrant
Astrolabe: Stellar Compass,astrolabe
Astropy,numerical software
Astropy,Python library
Astrosat,space observatory
Atalanta,merchant vessel
Atalia,oratorio
Atitlán Lacus,lacus
Atlantean,constructed language
Atlantic Entertainment Group,film production company
Atlantic Fleet,marine unit
Atlético Madrid Femenino,women's association football club
Atsimo-Andrefana,region of Madagascar
Atsimo-Atsinanana,region of Madagascar
Attikos 10a-f,cross-reference
Auf dem Bockshorn,Site of Community Importance
Aughleam,human settlement
August 2014,calendar month of a given year
Aurora—Oak Ridges—Richmond Hill,federal electoral district of Canada
Auschwitz I concentration camp,concentration camp
Auschwitz I concentration camp,Nazi concentration camp
autogenesis,concept
Autonomy Liberty Participation Ecology,Green party
Avaria,parish of Venezuela
"Avenue of palms, Mount Alexander Road",avenue
Axwell & Ingrosso discography,song
Ayérou Department,department of Niger
Az Zahir District,district of Yemen
Azelf,psychic-type Pokémon
Azerbaijan,sovereign state
Azor,local council in Israel
Azurita,district of Brazil
B-physics,branch of physics
Babymetal,girl group
Babymetal,musical group
Bach Ice Shelf,ice shelf
Baden-Powell,family name
Bafing-Source Ramsar Site,wetland
Bagito,Philippine TV series
Bagito,television series
Bagno mit Steinfurter Aa,Site of Community Importance
Bahçeli Kayaları,reef
Baie de l'Isle-Verte National Wildlife Area,marine protected area
Baix Camp,comarca of Catalonia
Baix Llobregat,comarca of Catalonia
Bakers Narrows Provincial Park,provincial park of Manitoba
"Balancing men, morals and money : women's agency between HIV and security in a Malawi village",scientific work
Balchik,municipality seat
"Baldwin Historical Society, Maine",historical society
Baline,village of Senegal
Balinghore,village of Senegal
Balla-Bassène,village of Senegal
Balla-Ougonor,village of Senegal
Ballades,group of works
Ballater,town
Balleyara Department,department of Niger
Balonguine,village of Senegal
Baltic Fleet,marine unit
Baltic Sunrise,oil tanker
Baltrum-Linie,transport company
Balung,third-level administrative country subdivision in Indonesia
Banc Matuhu,reef
Bandial,village of Senegal
Bandjikaky,village of Senegal
Bang Krabue Intersection,intersection
Bang Lamphu Intersection,intersection
Bangsalsari,third-level administrative country subdivision in Indonesia
Banibangou Department,department of Niger
Bank and Monument stations,station located underground
Bankilaré Department,department of Niger
Bantolinao Point Lighthouse,lighthouse
Bar Lev Line,fortification
Baraf,village of Senegal
Barbotine Vase,container
barium-127m,isotope of barium
barium-129m,isotope of barium
barium-131m,isotope of barium
barium-133m,nuclear isomer
Barmoor Castle,country house
Barn And Dovecot To Hammonds Farm,barn
Bart Simpson,fictional child
Bart Simpson,television character
Bashkia e Fushe-krujes,administrative region
Basilica of Bom Jesus,jesuit church
Basse Lédan,reef
Bastion Saint-André,bastion
Bastion V,bastion
Bastion VIII,bastion
Batumi,city
Baumberge,Site of Community Importance
Bayfield group,group
Bayham Old Abbey,abbey
"Bayside Historical Preservation Society, Maine",historical society
Beach Hotel,resort
Beacon of Home cape,beacon
Beacon of Punta Couso,beacon
Beacon of Rúa island,beacon
Beacon of Tampo island,beacon
Beaumont Children's Museum,children's museum
Bebelhof,Gemeindebau
Become a NIOSH-Certified B Reader.,fact sheet
Bee,merchant vessel
Beijing Great Wall,sports club
"Being old in times of AIDS: aging, caring and relating in northwest Tanzania",scientific work
Beinn Achaladair,HuMP
Beinn Achaladair,mountain
Beinn Achaladair,Murdo
Beinn Ìme,mountain
Beinn Ìme,Murdo
Beinn Ìme,Tump
Belarusian National Road Race Championships,national road cycling championships
Belbédji Department,department of Niger
Belegorn,men in Tolkien's legendarium
Belgian military cemetery in Hoogstade,military cemetery
Belgium at the 2018 FIFA World Cup,Belgium at the FIFA World Cup
"Belgrade Historical Society, Maine",historical society
Bellagio Hotel & Casino,skyscraper
Bellevue Apartments,terrace of houses
Bellicia,crater
Belthazor,demon in a work of fiction
Belthazor,supervillain
Belthazor,television character
Bembo,typeface
Ben Vorlich,Marilyn
Ben Vorlich,Murdo
Ben Vorlich,Tump
Beni Suef Governorate,governorate of Egypt
Bentina Beakley,television character
benzoyl peroxide/clindamycin,combination drug
Berchtesgaden Chancellery Branch office,cultural heritage ensemble
Berchtesgaden Chancellery Branch office,seat of government
Bergwerk Käpfnach,memory institution
Bergwerk Thülen,Site of Community Importance
Bergwiesen Lippe mit Buchheller- und Mischebachtal,Site of Community Importance
Berkel,Special Area of Conservation
berkelium,synthetic element
Berkshire,non-metropolitan county
Berlin Hackescher Markt station,Haltepunkt
Berlin Südkreuz station,station located on surface
Berlin Südkreuz station,tower station
Berlin-Spandau station,Fernbahnhof
Berryz Kobo,female idol group
Bes Lamp,container
Betriebsbahnhof Rummelsburg station,Haltepunkt
Beyazıt Tower,tower
Beyond the facade : instrumentalisation of the Zambian health sector,scientific work
Bhutan,sovereign state
Biblical Basis for War,manifesto
Biblioteca Casanatense,State public library
Biblioteca di archeologia e storia dell'arte,State public library
Biblioteca Medicea Laurenziana,State public library
Biblioteca Nazionale Centrale di Roma,State public library
Biblioteca nazionale di Cosenza,State public library
Biblioteca nazionale Sagarriga Visconti-Volpi,State public library
Biblioteca nazionale Vittorio Emanuele III,State public library
Biblioteca Palatina di Parma,State public library
Biblioteca Riccardiana,State public library
"Biechtstoelen in de Sint-Pauluskerk, Antwerpen",lithograph
Bielenberg mit Stollen,Site of Community Importance
Bielenberg mit Stollen,Special Area of Conservation
Big Bad Wolf,fictional wolf
Big Cleaninghole,bay
Bigi Poika,resort of Suriname
Biharamulo District,district of Tanzania
Bildstock und Wegestein Crostwitz Richtung Neudörfel,wayside shrine
Bill Gross: A solar energy system that tracks the sun,TED talk
Binyamina-Giv'at Ada,local council in Israel
biophysics,branch of biology
Birch Point Provincial Park,provincial park of Manitoba
Birmingham pub bombings,explosion
Bisharp,dark-type Pokémon
Black Knights' Tango,chess opening
Black River-Matheson,single-tier municipality
Black Sea Fleet,marine unit
Black Speech,constructed language
Black Street's gate in Brașov,city gate
Black-Topped Bowl,container
Blackford Hill,contour fort
Blackware Olla,ceramics
Blagoevgrad,municipality seat
Blairgowrie and Rattray,locality
Bleddiner Riß,oxbow lake
Blender,game engine
Bliesaue zwischen Blieskastel und Bliesdalheim,Special Area of Conservation
Blissymbols,constructed language
Blissymbols,language
Blowing snow and sea ice surfaces as a source of polar sea salt aerosol,research grant
Blue Harbor Resort,water park
"Blue Hill Historical Society, Maine",historical society
Blue Jade,chemical tanker
Blue Jade,tanker
BMD-3,infantry fighting vehicle
BMP-3,infantry fighting vehicle
Boavista F.C.,football club
Bodangora Wind Farm,onshore wind farm
Bodies in action: culture and body skills in post-conflict Sierra Leone,scientific work
Bodorgan Hall,country house
Boeny,region of Madagascar
Bogen,registration district in Sweden
Bolak,constructed language
Bonchester Hill,contour fort
Bonchester Hill,multiple enclosure hillfort
Bondoukou Department,department of Ivory Coast
Bongil Bongil National Park Plan of Management,plan of management
Bongolava,region of Madagascar
Book of Genesis,religious text
Boot Island National Wildlife Area,national wildlife area of Canada
Bopa,commune of Benin
"Border Historical Society, Maine",historical society
Borgholm Castle,ancient monument
Borgo Chiese,Comune sparso
Borj El Barmil,bastion
Borj Es-Salam,bastion
Borj Lalla Qadiya,bastion
Borj Sirat,architectural structure
Borj Sirat,bastion
Borkener See,Special Area of Conservation
Borno State,state of Nigeria
Borsky District,urban okrug in Russia
Boränget Sveden,minor locality in Sweden
Borås Ishall,indoor ice rink
Botana Reef,reef
Botanická 4,tenement
Botnvika,bay
Botswana,sovereign state
Bottle,ceramics
Botulinum Toxin,computer file
"Boulder Safnern, Büttenberg/ located at: Historical Museum Bern",boulder
"Boulder, Bärletwald",boulder
"Boulder, Büttenberg, Crossing Bartolomäusweg/ Jungholzweg",archaeological artifact
"Boulder, Chräjeberg, northern edge of the woods",boulder
"Boulder, Chräjeberg, wayside outside of the forest",archaeological artifact
"Boulder, Chräjeberg, wayside outside of the forest",boulder
"Boulder, Luterhölzli/ located at: Museum Schwab Biel",boulder
"Boulder, Mahlewagwald I",boulder
"Boulder, Mahlewagwald II",boulder
"Boundary Wall To Grosvenor House, Grosvenor Mount",wall
Boundary Wall With Gate Piers And Gates To Spring Hill And Elmfield,wall
"boundary walls to 1, 3 and 5 Grosvenor Mount",wall
Bourg-en-Bresse Cathedral,church building
Boutlélis District,district of Algeria
Bowie Mill Park,neighborhood park
BR-319,highway
Bradford,rugby league team
Bradwell National Wildlife Area,national wildlife area of Canada
Brambletye School,boarding school
Bran Stark,A Song of Ice and Fire character
Bran Stark,fictional child
Bran Stark,Game of Thrones character
Brand,hermitage
Breisgau-Hochschwarzwald,rural district of Baden-Württemberg
Breitenstein Castle,rock castle
Brenner Regional Council,regional council of Israel
Brent River College,Pupil Referral Unit
Brenztalbrücke,bridge over valley
Brenztalbrücke,girder bridge
Brenztalbrücke,prestressed concrete bridge
Brenztalbrücke,road bridge
Bridge of Allan,small burgh
Bridging the gap between bird conservation and sustainable development : perceptions and participation of rural people in Burkina Faso's Sahel region,scientific work
Brighton/Worthing/Littlehampton,urban area
Bristol City Council,English unitary authority council
"Bristol Mill, Edinburgh Road",mill building
Bristol Trader,merchant vessel
British Columbia Highway 3,highway
British Consulate Alicante,consulate
British Consulate General Auckland,consulate
British Consulate General Barcelona,consulate
British Consulate General Ekaterinburg,consulate
British Consulate General Jeddah,consulate
British Consulate Ibiza,consulate
British Consulate-General Cape Town,consulate
British Deputy High Commission Karachi,high commission
British Explorer,tanker
British High Commission Abuja,high commission
British High Commission Freetown,high commission
British High Commission Honiara,high commission
British High Commission Islamabad,high commission
British High Commission Malta,high commission
British High Commission Maputo,high commission
British High Commission Port Louis,high commission
British High Commission Port Moresby,high commission
British High Commission Victoria,high commission
British High Commission Wellington,high commission
British High Commission Windhoek,high commission
British Vice Consulate Portimão,consulate
Brom Mayfa District,district of Yemen
Bronzong,psychic-type Pokémon
"Brooks Historical Society, Maine",historical society
"Brooksville Historical Society, Maine",historical society
Broomhillbank Hill,contour fort
Brothers,merchant vessel
"Brownfield Historical Society, Maine",historical society
Bruderhaus,retirement home
Brunoy obelisk,obelisk
Bruttia,crater
Bryansk Front,front
Brézina District,district of Algeria
Buckower Chaussee station,Haltepunkt
Buckton Castle,magazine article
"Budapest, including the Banks of the Danube, the Buda Castle Quarter and Andrássy Avenue",UNESCO World Heritage Site
Budd Coast,coast
"Budderoo National Park, Macquarie Pass National Park, Barren Grounds Nature Reserve and Robertson Nature Reserve Plan of Management",plan of management
Budyonnovsk hospital hostage crisis,mass murder
Bueng Ba,Tambon Council
Bugatti EB110,automobile model
Building 18010-18,history
Building 18010-91,Listed building in Acre
Building 18010-91,Listed building in Israel
Building 18010-91,residence
Building 18011-122,residence
Building 18011-20,residence
Building 18011-85,Listed building in Acre
Building 18011-85,Listed building in Israel
Building 18110-1,mosque
Building 18110-1,residence
Buk lesní v Třebovicích,remarkable tree
Buk lesní v Třebovicích,solitary
Buk červenolistý v Karviné,remarkable tree
Bull's-head Lamp,container
Bundesarbeitsgemeinschaft Kinder- und Jugendschutz,voluntary association
Bundestag of Germany,legislature
Bundeswehrkrankenhaus,Bundeswehr hospital
Bundeswehrkrankenhaus,medical organization
Burg Absberg,bodendenkmal
Burg Absberg,lowland castle
Burg Schönweer,Ansitz
Burkina Faso,sovereign state
Burnham Westgate Hall,retirement home
"Bury Castle Camp, Brompton Regis",contour fort
Butler Hump,point
Butt of Lewis Lighthouse,lighthouse
Butyrsky District,district of Moscow
Buzfuz Rock,rock formation
Byzantine Catholic Eparchy of Ruski Krstur,eparchy
Békásmegyer Explosion,explosion
Bình Thạnh,urban district of Vietnam
C-sharp major,key
Cabildo,second-level administrative country subdivision
Cabinet of Hall II,Cabinet of Denmark
Cabinet of M.P. Friis,Cabinet of Denmark
Cabinet of Madsen-Mygdal,Cabinet of Denmark
Cabinet of Otto Liebe,Cabinet of Denmark
Cabinet of Reedtz-Thott,Cabinet of Denmark
Cabo San Lucas,city
Caiyuanba Bridge,road–rail bridge
Cala Ca's Xirimier,shingle beach
Cala Dèntol,shingle beach
Cala Figuera,shingle beach
Calcutta,resort of Suriname
Calder Woodburn Memorial Avenue,avenue
California Department of Corrections and Rehabilitation,department of corrections
californium,synthetic element
californium-239,isotope of californium
californium-240,isotope of californium
californium-241,isotope of californium
californium-242,isotope of californium
Caló de S'Estaca,shingle beach
Camargue horse,horse breed
Campeonato Ecuatoriano de Futbol Femenino,championship
Campeonato Nacional da Guiné-Bissau,association football league
Campeonato Nacional da Guiné-Bissau,championship
Candelabrum,item of collection or exhibition
Candelaria department,department of Argentina
Canning Town,London Underground station
canton of Arnay-le-Duc,canton of France
canton of Arnay-le-Duc,canton of France (until 2015)
canton of Lormont,canton of France
canton of Mérignac-1,canton of France
canton of Nuits-Saint-Georges,canton of France
canton of Nuits-Saint-Georges,canton of France (until 2015)
canton of Pessac-2,canton of France
canton of Saint-Médard-en-Jalles,canton of France
canton of Saint-Pons-de-Thomières,canton of France (until 2015)
canton of Talence,canton of France
canton of Thury-Harcourt,canton of France (until 2015)
canton of Vic-sur-Aisne,canton of France
Capdepera,municipality of Spain
Cape Nostalgia,film
"Capela Inglesa, Rua dos Barbonos e Arcos",photograph
Capital Airport Express,rapid transit railway line
Capitoline Wolf,sculpture
Carbisdale Castle,country house
Cardiel Lacus,lacus
Carmo Convent,cultural heritage
Carmén,French opera
Carnicer Torrejón FS,football club
Carnival of Alhama de Granada,carnival
Carnival of Alsasua – Altsasu,carnival
Carnival of Basel,carnival
Carnival of Basel,UNESCO Intangible Cultural Heritage in Switzerland
Carnivals of Lantz,carnival
Carnivals of Lantz,Festival of Tourist Interest of Navarre
Carpentries,educational organization
Carrec Hir,reef
Carter County,county of Montana
Carved Bowl,container
Carvel Rock,islet
Casa dei Cubicoli floreali,domus
Casa del Moralista,domus
Casa di Cecilio Giocondo,ruins
Casa di Laocoonte,domus
Casanova Lerrone,Comune sparso
Cascade Township,charter township of Michigan
Casciana Terme Lari,Comune sparso
Caseros Department,department of Argentina
CasinoKoksijde,cultural center
Caslon,typeface
Castiraga Vidardo,comune of Italy
Castiraga Vidardo,Comune sparso
Castle Drogo,historic house museum
Catalans Dragons,rugby league team
"Catalogue of paintings in the National Gallery, London",catalogue
Cathedral of the Archangel,pantheon
Cathedral of the Archangel,tourist attraction
Catherine Point,point
cation transporter ATPase J Rv3743c,protein
Cavalry and Guards Club,clubhouse
Cayuga Lacus,lacus
Cañada Barranquitas,ravine
Cañada Chupadero,ravine
Cañada El Chiapaneco,ravine
Cañada El Pegadito,ravine
Cañada La Minita,ravine
Cañada La Mula,ravine
Cañada Rincón del Oso,ravine
Cañada Timones,ravine
CBS Films,film production company
CC Belgica,cultural center
CC De Borre,cultural center
CC Gildhof,cultural center
CC Lokeren,cultural center
CC Sint-Niklaas,cultural center
CC Ter Dilft,cultural center
CD-46 5148,RS Canum Venaticorum variable
CD-56 1450,RS Canum Venaticorum variable
CD-60 6745,supergiant
Ceanannas,typeface
Celtic L.F.C.,women's association football club
Cemetery Wall With Blocked Gateway On North West Side,wall
Centaurus A,lenticular galaxy
Center for Inquiry,association
Central African Republic,sovereign state
"Central Goods and Services Tax Act, 2017",Act of the Parliament of India
Central Mass Mobilization Commission of the Communist Party of Vietnam,advisory board
Centre Township,township of Kansas
Centro,district of Madrid
CEPADE - Universidad Politécnica de Madrid,business school
cerium-122,isotope of cerium
cerium-124,isotope of cerium
cerium-125,isotope of cerium
cerium-126,isotope of cerium
cerium-127,isotope of cerium
cerium-128,isotope of cerium
cerium-129,isotope of cerium
cerium-130,isotope of cerium
cerium-131,isotope of cerium
cerium-132,isotope of cerium
Cesse Aqueduct,navigable aqueduct
CETS number,Wikidata property for an identifier
CETS number,Wikidata property related to law and justice
Chabatovichy,village
Chadwick Boseman to Star in Marvel's Black Panther,press release
"Chagas disease: ""the new HIV/AIDS of the Americas""",editorial
Chakhivskyi nature reserve,landscape reserve
Chamber Music by Chopin,group of works
Chamberí,district of Madrid
Champion,crane vessel
Chapa Circular,tool
chaperone protein DnaJ Rv2373c,protein
chaperone protein DnaJ Rv2373c,"protein obsoleted in UniProtKB, SwissProt, TrEMBL"
Chapple,single-tier municipality
charge conjugation quantum number,Wikidata property
Charing Cross tube station,London Underground station
Charlottesville,independent city
Chaussée des Almadies,reef
Chaussée des Moules,reef
Chaïdar Pasa,Parish of Nicosia Municipality
Chellala District,district of Algeria
Chelmsford,district with city status
Chelmsford,non-metropolitan district
Chemical Challenger,chemical tanker
CHEOPS,space observatory
Chesapeake,independent city
Chesbro Music Company,business
Chester County,county of Pennsylvania
Chiang Mai,Thesaban Nakhon
Chiba,capital of prefecture
Chiba,city of Japan
Chiclayo Province,province of Peru
Chidley Point,point
Chieng-Mai,mammal living in captivity
Childe Cycle,book series
Childe Cycle,fictional universe
Children's Museum of Cleveland,children's museum
Children's Museum of Houston,children's museum
Children's Museum of Los Angeles,children's museum
Children's Museum of Phoenix,children's museum
Children's Museum of Richmond,children's museum
Children's Museum of Science and Technology,children's museum
"Children, Young People and Education Committee - Fourth Assembly",committee
Chile Chico,commune of Chile
China Township,charter township of Michigan
Chinese Wikibooks,Wikibooks language edition
Chinese Wikinews,Wikinews language edition
Chinese Wikisource,Wikisource language edition
Chinese Wikivoyage,Wikivoyage language edition
Chions,Comune sparso
Chitinase II domain,protein domain
Choc,typeface
Chodovský buk,solitary
Chongjin,city of North Korea
Chongju,city of North Korea
Chopinova 6,tenement
Chot Nong Kae,Tambon Council
Chouteau County,county of Montana
Chris Anderson: Technology's long tail,TED talk
Christ before Pilate,reredos
Chroustovice,municipality of the Czech Republic
Chrysaliniotissa,Parish of Nicosia Municipality
Chugach National Forest,United States National Forest
Chumphon Bay,bay
Church Inn,inn
Church of Saint James the Greater,church building
"Church of San Francisco Javier, Tepotzotlán",museum building
"Church of San Ildefonso, Toledo",monument
Church of St. Denis,church building
Church of the Anunciation,monument
châteauesque,art style
Cicerolândia,district of Brazil
cidofovir,chemical compound
Cinqüentenário do 1º Vôo do 14 Bis de Santos Dumont,civil decoration
Cinémathèque Française,cinematheque
Cinémathèque suisse,cinematheque
Cirion,men in Tolkien's legendarium
Citigroup,business
Citigroup,credit institution
Citigroup,enterprise
citric acid,acidity regulator
citric acid,chemical compound
citric acid,food ingredient
City of Luxembourg: its Old Quarters and Fortifications,UNESCO World Heritage Site
Ciudad de Palma,RoPax
Ciudad Lineal,district of Madrid
Civil Defence Cross of Honour,military decoration
Civil Will-Green Party,Green party
Cl* NGC 5139 BPB 81157,Blue straggler
Cl* NGC 5139 L 1019,possible red giant branch star
Cl* NGC 5139 L 1076,possible red giant branch star
Cl* NGC 5139 L 1078,possible red giant branch star
Cl* NGC 5139 L 1352,possible red giant branch star
Cl* NGC 5139 L 1754,possible red giant branch star
Cl* NGC 5139 L 683,possible red giant branch star
Cl* NGC 5139 L 823,possible red giant branch star
Cl* NGC 5139 LEID 23042,possible red giant branch star
Cl* NGC 5139 LEID 35035,possible red giant branch star
Cl* NGC 5139 LEID 36228,possible red giant branch star
Cl* NGC 5139 LEID 42508,possible red giant branch star
Cl* NGC 5139 LEID 44026,possible red giant branch star
Cl* NGC 5139 LEID 89009,possible red giant branch star
Clair de lune,composition for piano
Claremont Hotel & Spa,hotel
Clash of Champions,wrestling event
class,philosophical concept
Classification of Knowledge Organization Systems with Wikidata,scientific conference paper
Clay County,county of West Virginia
Clayton Township,charter township of Michigan
Clear Lake,salt lake
Clifford Township,township of Kansas
Club Tijuana,association football club
Clwyd County Council,county council
Coastal Fleet,naval unit
cocaine,controlled substance
cocaine,Developmental Toxicant
cocaine,Female reproductive toxicant
cocaine,medication
Cochrane,commune of Chile
Cockroach Species File ID,Wikidata property related to insects and entomology
Cockroach Species File ID,Wikidata property to identify taxa
Cocktails and Cigarettes Punch Bowl,ceramics
Coin,archaeological artifact
Coin,coin
Coinage of the Roman Republic Online,catalogue
Colegio Mayor Diego de Covarrubias,residential college
Colegio Mayor Universitario Chaminade,building
Colegio Mayor Universitario San Juan Evangelista,residential college
Colina,commune of Chile
college football,type of sport
College Hall,Pupil Referral Unit
"Collegiate church of San Luis, Villagarcía de Campos",collegiate church
"Collegiate church of San Luis, Villagarcía de Campos",monument
Collingsworth County,county of Texas
Collingwood Primary School,foundation school
"Collégiate church Saint-Martin, Picquigny",church building
Coloma Charter Township,charter township of Michigan
Colombia women's national football team,women's national association football team
Colombian National Road Race Championships,CN
Colombian National Road Race Championships,national road cycling championships
Colt Technology Services,enterprise
Columbia River Shipbuilding Company,shipbuilding company
Comarcal Council of Baix Camp,comarcal council of Catalonia
Comarcal Council of Baix Penedès,comarcal council of Catalonia
Comarcal Council of Priorat,comarcal council of Catalonia
Comarcal Council of Ribera d'Ebre,comarcal council of Catalonia
Comede,voluntary association
Comic Sans MS,typeface
Coming out of the trenches... safely,newsletter
commemorative plaque image,Wikidata property to link to Commons
Committee on School Funding,publisher
Communauté de communes de l'Est de la Somme,community of communes
Communauté de communes de la Brie des Rivières et Châteaux,community of communes
Communauté de communes de la Haute Ariège,community of communes
Communauté de communes du Val Briard,community of communes
Communauté de communes interrégionale Aumale - Blangy-sur-Bresle,community of communes
Communauté de communes Isigny-Omaha Intercom,community of communes
communauté de communes Loches Sud Touraine,community of communes
Communauté de communes Terroir de Caux,community of communes
Communauté de communes Élan Limousin Avenir Nature,community of communes
Communications Code,manga chapter
"Communities, Equality and Local Government Committee - Fourth Assembly",committee
Comè,commune of Benin
"Concurso ""Quem Deu Asas Ao Homem""",civil decoration
Concón,commune of Chile
Condições Oceanográficas,item of collection or exhibition
Confluence Queens F.C.,sports club
Conhecimento Cartográfico,item of collection or exhibition
Connecticut Department of Correction,department of corrections
Conovium,merchant vessel
Conscience et Impact Écologique,voluntary association
Consejo Económico y Social,advisory board
Consell Jurídic Consultiu de la Comunitat Valenciana,advisory board
Constitutional and Legislative Affairs Committee - Fourth Assembly,committee
Constitutional Court,supreme court
Constitutional Court of Spain,constitutional court
Constitutional Court of Ukraine,constitutional court
Constitutional Court of Ukraine,supreme court
Consuming democracy : local agencies & liberal peace in the Democratic Republic of Congo,scientific work
Contesting control : land and forest in the struggle for Loita Maasai self-government in Kenya,scientific work
Contulmo,commune of Chile
Copa Catalunya de futbol femenina,championship
Copa de la Reina de Fútbol,championship
Coping with inadequacy: understanding the effects of central teacher recruitment in six ward secondary schools in Tanzania,scientific work
Copo,tool
Coppenbrügge,municipality of Germany
Coral Pink Sand Dunes State Park,Utah state park
Corcaigh,typeface
Coreoidea Species File ID,Wikidata property related to insects and entomology
Coreoidea Species File ID,Wikidata property to identify taxa
Corinna Halke,human
Coronel,commune of Chile
correlation,concept
Corrientes,big city
Corrigendum: Genome-wide association of polycystic ovary syndrome implicates alterations in gonadotropin secretion in European ancestry populations.,erratum
Corrigendum: LSD1 is essential for oocyte meiotic progression by regulating CDC25B expression in mice.,erratum
Cosgrove aqueduct,navigable aqueduct
Costa Rican women's football championship,championship
Council for Statutory Guarantees of Catalonia,advisory board
Council of Constance,Papal election
Council of Vienne,synod
Covered Bridge,wooden bridge
Covered ewer,ewer
CPD-57 1131,RS Canum Venaticorum variable
Cracked Actor,television film
Creag na h-Eararuidh,mountain
creator's signature,Wikidata property to link to Commons
crema catalana,dessert
Crimean speech of President Putin,speech
Croatia,country
Croatia,Mediterranean country
Croatia,sovereign state
Croatia women's national football team,women's national association football team
Croatian National Road Race Championships,national road cycling championships
Cross,monumental cross
Cross Approximately 5 Metres South Of South Porch Of Church Of St Peter And St Paul,monumental cross
Cross At Sp 1760 9121,monumental cross
Cross Base And Sundial Approximately 21 Metres To North Of Chancel Of Church Of St Mary,monumental cross
Cross Base On North Side Of Lane To St Oswalds,monumental cross
Cross In Churchyard 14 Yards South Of Door To Chancel,monumental cross
Cross In Churchyard About 25 Metres South Of Church Of All Saints,monumental cross
Cross of Merit,cross
crotonic acid,carboxylic acid
crotonic acid,chemical compound
Crown Perth,casino
Crown Perth,resort
Crucifix,painted cross
Crucifix no. 434,painted cross
Crucifix with stories of the Passion and Redemption,painted cross
Cruise Olympia,RoPax
cryophysics,branch of physics
ctext work ID,Wikidata property for an identifier
Ctiborův dub,former entity
Ctiborův dub,solitary
Cuajada,dessert
Cube Rock,island
Cube Rock,rock formation
Cumberland,historic county of the United Kingdom
CUNY Graduate School of Journalism,journalism school
Cup,container
Cup,item of collection or exhibition
Curacautín,commune of Chile
Curarrehue,commune of Chile
curium,synthetic element
Currie Point,point
curry powder,food ingredient
Custer National Forest,United States National Forest
Cute,female idol group
Cygwin,Unix-like
Czech National Road Race Championships,national road cycling championships
Czechoslovak border fortifications,fortification
Càrn Eige,Marilyn
Càrn Eige,mountain
Càrn Eige,Murdo
Càrn Eige,Tump
D major,key
Dabakala Department,department of Ivory Coast
Dacorum,non-metropolitan district
Daily Astorian,newspaper
Dalarna County,county of Sweden
Dallas–Fort Worth metroplex,metropolitan area
Dallas–Fort Worth metroplex,urban area
Damagaram Takaya Department,department of Niger
Dame blanche,dessert
Danau Lasi,oxbow lake
Daniel Alcides Carrión Province,province of Peru
Danish Football Association,sports governing body
Danny Torrance,fictional child
Danny Torrance,horror film character
Dardo IFV,infantry fighting vehicle
Data Sharing in Historical Perspective,editorial
date depicted,Wikidata property to describe media items
date depicted,Wikidata property with datatype 'time'
Dawson Reef,reef
DB Busverkehr Hessen,business
DB Busverkehr Hessen,transport company
de Alencar,family name
De belegering van de Citadel van Antwerpen door de Franse troepen,lithograph
De domo sua,speech
de Jong,affixed family name
de Jonge,family name
de la Cruz,affixed family name
de la Cueva,family name
de la Peña,family name
de la Puerta,family name
de la Rosa,affixed family name
de la Torre,family name
de la Vega,affixed family name
de las Cuevas,family name
de Lima,affixed family name
De Violeta Parra,studio album
De Warande,cultural center
De Warande,organization
Dead Horse Point State Park,Utah state park
December 2014,December
Decorated Amphora with Ibex Head,container
Dee Side House Youth Hostel,hostel
DEHOGA,association
Delirium,comics character
Delirium,cosmic entity
Delta Equulei,infrared source
deltoid muscle,medical term
Democratic Party,political party
Denethor II,men in Tolkien's legendarium
Desamparados,district of Costa Rica
Desibeli.net,online magazine
"Design drawing from the Jos De Beer collection, ref. obj-0002693",watercolor painting
Design for a decorative detail of a ceiling in Neo-Classical style,drawing
Design for a portal,drawing
detail map,Wikidata property to link to Commons
Detern,municipality of Germany
Deutsche Kinemathek,cinematheque
Deutsche Röntgengesellschaft,association
Deutsche Ultramarathon-Vereinigung ID,Wikidata property related to athletics
Deutscher Sparkassen- und Giroverband e.V.,association
Devotional pillar in Brtníky,Maria column
DHL Air UK,cargo airline
Diane,typeface
Diccionario biográfico de artistas valencianos,"version, edition, or translation"
Diccionario biográfico matritense,"version, edition, or translation"
Dichterliebe,song cycle
Dictionnaire critique des historiens de l'art ID,Wikidata property related to historiography
Die Auferstehung und Himmelfahrt Jesu,oratorio
Die letzten Dinge,oratorio
Die Schuldigkeit des ersten Gebots,oratorio
Die Verurteilung des Lukullus,opera
Die Verurteilung des Lukullus,radio program
difference,philosophical concept
Digital Humanities 2018,academic conference
Digital Humanities 2020,academic conference
Dimitri Poliakov,human
Dimitrovgrad,municipality seat
Dinner for One,sketch
Dinâmica do Povoamento,item of collection or exhibition
Diptych of Jean Carondelet,cycle of paintings
Diputación de Salamanca,provincial deputation
Diputación Provincial de Palencia,provincial deputation
Diputación Provincial de Segovia,provincial deputation
Diputación Provincial de Teruel,provincial deputation
Diputación Provincial de Toledo,provincial deputation
Discovery Expedition,research expedition
Disinfectants and asthma,newsletter
Disney's Contemporary Resort,resort
Disney's Coronado Springs Resort,resort
Disney's Yacht Club Resort,resort
distribution map,Wikidata property to link to Commons
District 1,urban district of Vietnam
District 10,urban district of Vietnam
District 11,urban district of Vietnam
District 3,urban district of Vietnam
District 5,urban district of Vietnam
District 6,urban district of Vietnam
diving,type of sport
División de Honor Femenina de Rugby,championship
Djakotomey,commune of Benin
Do What You Do,music track with vocals
Dobele,city under municipality jurisdiction in Latvia
Doble Kara,Philippine TV series
Dobrich,municipality seat
Docklands Stadium,cricket field
Docklands Stadium,multi-purpose stadium
Dokonjō Gaeru,anime and manga
Dom Luís I Bridge,deck arch bridge
Dom Luís I Bridge,truss arch bridge
Domburg,resort of Suriname
Don Du,Tambon Council
Don Norman: 3 ways good design makes you happy,TED talk
Donatello,animated character
Donatello,television character
Donatello,video game character
Dorchester Square and Place-du-Canada Heritage Site,sector
Dordrecht railway station,railway station
Dorpat Voivodeship,voivodeship of the Duchy of Livonia
Dorrigo National Park Plan of Management,plan of management
Dortmund Stadtbahn,traffic system
Dothraki language,constructed language
Doubravská hora,mountain
Doubravská hora,natural monument in the Czech Republic
Douthat State Park,Virginia state park
Dovecot And Barn 20 Yards To East Of Manor Farm House,barn
Dovecote And Barn Aproximately 25 Metres East Of The Old Rectory,barn
Dovecote at Esgonty Farm,dovecote
Dovecote at Old Rectory,dovecote
Dovecote at Pickhill Old Hall,dovecote
Dovecote to east of Cefn Henllan Farmhouse,dovecote
Dovey Belle,merchant vessel
Dovey Belle,schooner
Dowsk,hamlet
Dr.-Franz-Klein-Hof,Gemeindebau
Dr.-Franz-Klein-Hof,multiple dwellings
Dragonlance,fictional universe
Dravo Corporation,shipbuilding company
Dračia hlava,mountain
Dream Dad,Philippine TV series
Drum Rock,rock formation
Drusenküppel,castle ruin
Drážní buk,solitary
DS Crucis,pulsating variable star
Duchy of Brunswick,administrative territorial entity
Duchy of Parma,state
Duchy of Saxe-Meiningen,duchy
Duckterath station,Haltepunkt
Duingen,municipality of Germany
Duke Ellington Orchestra discography,discography
Dundee Law,contour fort
Dunman,contour fort
Dunsinane Hill,contour fort
Durant,bug-type Pokémon
Dutch Art in America,catalogue
Dutch National Road Race Championships,national road cycling championships
Dutch Wikisource,Wikisource language edition
Dzvina basin,drainage basin
"Dětský domov se školou, SVP a ZŠ",primary school
"Dětský domov se školou, ZŠ a ŠJ",primary school
"Dětský domov, základní škola a ŠJ",primary school
Eagle House School,boarding school
Earth Party,Green party
East Reef,reef
East Stack,rock formation
Easter Oratorio,oratorio
Eastern Fleet,fleet
Eastern Fleet,location
Ebonyi State,state of Nigeria
Ecce Homo,hillclimbing
Ecce Homo,race track
Ecclesiastes 1,chapter of the Bible
Ecclesiastical Province of Bangkok,ecclesiastical province
Ecclesiastical province of Košice,ecclesiastical province
Ecclesiastical province of Olomouc,ecclesiastical province
Ecclesiastical province of Pamplona and Tudela,ecclesiastical province
Ecologist Greens,Green party
"Ecologist Party ""The Greens""",Green party
ecology,academic discipline
Ecthelion II,men in Tolkien's legendarium
Edge Grove School,boarding school
Edge Grove School,school (building)
"Edinburgh, Grassmarket, K6 Telephone Kiosk",red telephone box
"Edinburgh, Great Stuart Street, Lamp Standards",streetlight
Edmondbyers Youth Hostel,hostel
egg,food ingredient
egg white,food ingredient
EgyptAir Cargo,cargo airline
Egypte/monde arabe,trade magazine
Egyptian Infantry Fighting Vehicle,infantry fighting vehicle
Eindhoven Central railway station,station building
Einstein Tower,astronomical observatory
Einstein Tower,tower
Ejnar Mikkelsen Fjeld,nunatak
Ekenäs,former municipality of Finland
Ekenäs,urban area
Ekonomist,online magazine
El Pozo Murcia FS,football club
El Vilar,settlement of Andorra
elaidic acid,chemical compound
Eleanor Island National Wildlife Area,national wildlife area of Canada
electronics,branch of science
Elephant Square,road junction
Elephant Square,square
Elimination Chamber,recurrent event edition
Elimination Chamber,wrestling event
Embraceable You,music track with vocals
Emmendingen,rural district of Baden-Württemberg
Emperor Xuanzong's Flight to Shu,painting
En Toull Bihan,reef
Ender Wiggin,fictional child
Ender Wiggin,film character
"Eneco Tour 2011, Stage 4",individual time trial
England at the 2018 FIFA World Cup,England at the FIFA World Cup
enneadecagonal number,integer sequence
Ensayo de un catálogo de periodistas españoles del siglo XIX,"version, edition, or translation"
Enterprise and Business Committee - Fourth Assembly,committee
Entrada da barra,photograph
Enviksbyn,minor locality in Sweden
Environment and Sustainability Committee - Fourth Assembly,committee
Environment and Sustainability Committee - Fourth Assembly,publisher
Envoy Rock,mountain
Envoy Rock,rock formation
Eparchy of Bratislava,eparchy
Eparchy of Lungro,eparchy
Eparchy of Piana degli Albanesi,eparchy
Episode from Roman History: Aemilius Paullus Becomes Consul for the Second Time,fragment
epoprostenol,chemical compound
Epsilon Coronae Australis,F-type main-sequence star
Epsilon Coronae Borealis,high proper-motion star
Epsilon Coronae Borealis,infrared source
Epsilon Eridani b,giant planet
Eradan,men in Tolkien's legendarium
ERIH PLUS ID,Wikidata property for authority control for academic journals
Ernakulam,urban area
Erratum to: Conformational changes and translocation of tissue-transglutaminase to the plasma membranes: role in cancer cell migration.,erratum
Erratum to: Modeling the spread of polio in an IPV-vaccinated population: lessons learned from the 2013 silent outbreak in southern Israel.,erratum
Erratum to: The GOOD life: Study protocol for a social norms intervention to reduce alcohol and other drug use among Danish adolescents.,erratum
Erratum: Layer-dependent quantum cooperation of electron and hole states in the anomalous semimetal WTe2.,erratum
erucic acid,chemical compound
Es Castell,municipality of Spain
Es Mercadal,municipality of Spain
Es Migjorn Gran,municipality of Spain
Es Torrent d'Es Morts,shingle beach
Esashi Line,abandoned railway
Escavalier,bug-type Pokémon
Escola de Mitjans Audiovisuals de Barcelona,educational organization
ESO 104-22,low-surface-brightness galaxy
ESO 104-44,low-surface-brightness galaxy
ESO 427-14,low-surface-brightness galaxy
Esperanto,a posteriori language
Esperanto,international auxiliary language
Essential Evidence-Based Medicine,computer file
Est 1002 to 1005,prototype
Est 2601 and 2602,prototype
Estay Rock,island
Estay Rock,rock formation
Esteban Arce Province,province of Bolivia
Esther,oratorio
estradiol cypionate/medroxyprogesterone acetate,combination drug
estradiol/norethisterone acetate,combination drug
ethinylestradiol/drospirenone/levomefolic acid,combination drug
ethinylestradiol/etonogestrel,combination drug
ethinylestradiol/levonorgestrel,combination drug
ethinylestradiol/norelgestromin,combination drug
ethinylestradiol/norethisterone,combination drug
eugenol,chemical compound
eugenol,food ingredient
European Air Transport,cargo airline
European Air Transport Leipzig,cargo airline
Eurovision Young Musicians 1994,festival edition
Eurovision Young Musicians 1998,festival edition
Eurovision Young Musicians 2000,festival edition
Eurovision Young Musicians 2002,festival edition
Evangelical Lutheran Church in Brunswick,Landeskirche
Evangelical Lutheran Church in Northern Germany,Landeskirche
Evangelical Lutheran Church of Mecklenburg,Landeskirche
Eve Ensler: Happiness in body and soul,TED talk
"Eve Ensler: Suddenly, my body",TED Women talk
evidence,area of law
evidence,concept
Ewer,ewer
Ewer in the Shape of a Sitting Dog,ewer
Excalibur Hotel and Casino,casino
Excalibur Hotel and Casino,hotel
Excalibur Hotel and Casino,resort
Explore & More Children's Museum,children's museum
Faculdade Cásper Líbero,private educational institution
Fairy,merchant vessel
Fairy Stone State Park,Virginia state park
Faithful Mother,merchant vessel
Fake Feet,manga chapter
Falls Church,independent city
Falls of Clyde,windjammer
falsity,legal concept
Familjen Anderssons sjuka jul,Sune book
Faneromeni,Parish of Nicosia Municipality
Fannbyn,minor locality in Sweden
Fannin County,county of Texas
Fantasia 2000,anthology film
Faramir,men in Tolkien's legendarium
Fastlane,recurrent event edition
Father Christmas,legendary figure
Father Christmas,mythical character
Fayette County,county of West Virginia
FC Akhmat Grozny,football club
FC Barcelona Futsal,football club
FC Vaslui,football club
February 1974 United Kingdom general election,United Kingdom general election
Fedir Bohatyrchuk,human
Fedotov Test Pilot School,educational organization
Feldkirch,city
Felsfreistellung Backofen ESE von Oberküps,rock
Felsgruppe WNW von Ebneth,rock
Felsturm Mönch N von Kleinziegenfeld,rock
Felsturm Rauhenstein NW von Wallersberg,rock
Feothanach,human settlement
Ferrari F40,automobile model
Ferrari F50,automobile model
Ferreries,municipality of Spain
Festival Express,rockumentary
fexofenadine,chemical compound
FIDAL athlete ID,Wikidata property for authority control for people
FIDE World Chess Championship 1996,World Chess Championship
FIDE World Chess Championship 1998,World Chess Championship
FIDE World Chess Championship 2004,World Chess Championship
FIDE World Chess Championship 2005,World Chess Championship
Figure skating at the 2020 Winter Youth Olympics – Boys' singles,Youth Olympic sporting event
Figure skating at the 2020 Winter Youth Olympics – Girls' singles,Youth Olympic sporting event
Figure skating at the 2020 Winter Youth Olympics – Ice dancing,Youth Olympic sporting event
Figure skating at the 2020 Winter Youth Olympics – Pair skating,Youth Olympic sporting event
Filadelfia de Guanacaste,district of Costa Rica
Finance Committee - Third Assembly,committee
Finance Committee - Third Assembly,publisher
Financial Modeling,computer file
Finches and bamboo,painting
Find My Friends,conflation
Find My Friends,Wikipedia article covering multiple topics
Finland women's national football team,women's national association football team
Fire Station Inn,inn
First Epistle of Peter,book of the Bible
First Epistle to Timothy,book of the Bible
First inauguration of Harry S. Truman,United States presidential inauguration
First inauguration of Richard Nixon,United States presidential inauguration
first inauguration of Theodore Roosevelt,United States presidential inauguration
First inauguration of Thomas Jefferson,United States presidential inauguration
First inauguration of Ulysses S. Grant,United States presidential inauguration
First Landing State Park,Virginia state park
First Vatican Council,synod
Fiscaglia,Comune sparso
Fisherman's Bastion,terrace
Fishing Cone,geyser
Fitton Rock,rock formation
Flathead National Forest,United States National Forest
"Flight Assets – Looted Assets. The Transfer of Cultural Assets to and through Switzerland from 1933 to 1945, and the Problem of Restitution",historical document
"Flight Assets – Looted Assets. The Transfer of Cultural Assets to and through Switzerland from 1933 to 1945, and the Problem of Restitution",non-fiction
Flintshire,historic county of the United Kingdom
Florida Department of Corrections,department of corrections
Following the Leader,memorial
Following the Leader,relief sculpture
Fontaine-lavoir de Montagney,abreuvoir
Fontainejean Abbey,abbey
Forbes-Robertson,family name
Forevermore,Philippine TV series
Forevermore,television series
"Formyl transferase, N-terminal",protein domain
Fort Logan National Cemetery,United States national cemetery
Fort of the Holy Cross,fortress of Brazil
Fort of the Holy Cross,historic site
Fort Rosecrans National Cemetery,United States national cemetery
Fort Sam Houston National Cemetery,United States national cemetery
Fort Snelling National Cemetery,United States national cemetery
Fortaleza de São José de Macapá,museum
Forte de Santo Antônio da Barra,cultural heritage
Forte de Santo Antônio da Barra,fortress of Brazil
Fortress of Our Lady of Pleasures of Pau Amarelo,cultural heritage
Fortress of Our Lady of Pleasures of Pau Amarelo,fortress of Brazil
Four Lane Ends Interchange,park and ride
fourth power,integer sequence
Foxtrot-class submarine,submarine class
France at the 2018 FIFA World Cup,France at the FIFA World Cup
Francesca,typeface
francium-221,isotope of francium
francium-222,isotope of francium
francium-224,isotope of francium
francium-225,isotope of francium
francium-226,isotope of francium
francium-227,isotope of francium
francium-228,isotope of francium
francium-229,isotope of francium
francium-231,isotope of francium
Frankfurt,border town
Frankfurt,city
Frankfurt,Hanseatic city
Franklin,independent city
Frauen DFB Pokal,championship
Fraunhofer Institute for Laser Technology,Fraunhofer Institute
Fraunhofer Institute for Material Flow and Logistics,Fraunhofer Institute
Fraunhofer Institute for Production Technology,Fraunhofer Institute
Fraunhofer Institute for Solar Energy Systems ISE,Fraunhofer Institute
Freccia,infantry fighting vehicle
Fredericksburg,independent city
Freeciv,free or open-source video game
Freedom From Religion Foundation,association
Freeman Lacus,lacus
French Athletics Federation athlete ID,Wikidata property for authority control for people
French Athletics Federation athlete ID,Wikidata property related to athletics
French Football Federation,sports governing body
French National Assembly,legislature
French-German Research Institute of Saint-Louis,facility
Fresquel Aqueduct,navigable aqueduct
Frieberting,hermitage
fried rice,food ingredient
Friedrich Loeffler Institute,institute
Friendship People North-Caucasus Stage Race,stage race
Fritz the Elephant,mammal living in captivity
Frohn Township,urban township of Minnesota
Frolicking Figures and Animals,painting
"Front wall, gate piers and gates to 17 North Hill Road",wall
Frosta Härad heritage association,local heritage association in Sweden
Frosty the Snowman,animated short film
Frutillar,commune of Chile
Fshajt Bridge,arch bridge
Fuencarral-El Pardo,district of Madrid
Fujifilm X-A3,digital camera model
Fujifilm X-T100,digital camera model
Fujifilm X-T2,digital camera model
Funkerberg,architectural structure
Fureidis,local council in Israel
Furusato Ginga Line,abandoned railway
Fête de la Fédération au Champ de Mars. 14 juillet 1790,cycle of paintings
G&L Musical Instruments,business
G-flat major,key
G-sharp major,key
Galería biográfica de artistas españoles del siglo XIX,"version, edition, or translation"
Galina Tsareva,human
Gallade,psychic-type Pokémon
Gallatin County,county of Montana
Gamboa e Caju,photograph
Gamelan joged bumbung,dance
Gamma Capricorni,F-type main-sequence star
Gamma Capricorni,peculiar star
Gamma Doradus,F-type main-sequence star
Gamma Leporis,F-type main-sequence star
Gandrung,folk dance
"Garden Terrace, Walls And Gateway To Number 2 Hilton Court",wall
Garden Wall And Gateway To North Grange,wall
Garigal National Park Plan of Management,plan of management
Garraf,comarca of Catalonia
Garrick Club,clubhouse
"Gates, Wall and Bollards to 89 Weetwood Lane",gate
Gauthier,single-tier municipality
Gdov Kremlin,archaeological site
Gdyel District,district of Algeria
Gedera,local council in Israel
"Gemeindebau Breitenseer Straße 106-108, Penzing",Gemeindebau
Gemini 2,test flight
Gemini 2,unmanned spaceflight
gender,personality trait
General López Department,department of Argentina
Genova Pra railway halt,railway halt
George Cross,cross
Georgia,sovereign state
Georgian Forest Park,county park
German Football Association,football federation
German Mathematical Society,association
Gesellschaft Deutscher Chemiker,association
Gesellschaft für Informatik,association
Ghana,country
Ghana women's national football team,women's national association football team
Ghat District,district of Libya
Ghōr,province of Afghanistan
Gila National Forest,United States National Forest
Gilmer County,county of West Virginia
Girls Hostel,hostel
Glazer Children’s Museum,children's museum
Glen Campbell collaborative discography,discography
Glenfield Park,county park
Gletscherschliff Jachenau,outcrop
Goa Shipyard Limited,shipbuilding company
Goby Lake,salt lake
Golan Levin: Software,TED talk
Golden Gate National Cemetery,United States national cemetery
Golden Roof,building
Golden Roof,museum
Golf Club of Houston,golf club
Golfe du Morbihan Regional Natural Park,regional natural park
Gomer Press,printer
Goods and Services Tax,Act of the Parliament of India
Google,business
Goosenecks State Park,Utah state park
Gori,populated place in Georgia
Gorjansko military cemetery,military cemetery
Gornja Radgona,border town
Gornja Radgona,city
Gothèye Department,department of Niger
Grace Gates,gate
Granatier,application
Grand Accélérateur National d'Ions Lourds,research institute
Grand Army of the Republic Cemetery,urban park
Grand Matsu Temple,Chinese temple
Grand Matsu Temple,temples of Mazu
Grand Prix Elsy Jacobs,stage race
Grand Trunk Railway Terrace,terrace of houses
Grandmother's Colour Button Collection,print
"Grane Mill, Haslingden Including Boundary Walls And North Yard",mill building
Granite LDS Ward Chapel-Avard Fairbanks Studio,meeting house
Grant Valley Township,urban township of Minnesota
"Grave Concerns: Death, Landscape, and Locality in Medieval Society",academic conference
grave of Garegin Nzhdeh,grave
grave of saint John of Rila,grave
Gravetat Zero,radio program
Gray Bulger Geyser,geyser
"Great Cranberry Historical Society, Maine",local history archive
Great Theatre of Argos,Greek theatre
Greater Madawaska,lower-tier municipality
Grecia Canton,canton of Costa Rica
Greece women's national football team,women's national association football team
Greek National Road Race Championships,national road cycling championships
Green damask wall hangings,set of wall hangings
Green damask wall hangings,wall hanging
Green Party,Green party
Green Party of the United States,Green party
Greene County,county of Mississippi
Greens of Serbia,Green party
Gregory Stock: To upgrade is human,TED talk
Gregson-Williams,family name
Greifswalder Oie,Site of Community Importance
Groeve Keutenberg,geological monument in South Limburg
Groeve Midweg,geological monument in South Limburg
Groeve Moonen,geological monument in South Limburg
Groeve Putberg,geological monument in South Limburg
Groningen,resort of Suriname
Grooms and Horses,painting
Group of three oaks,grove
Grödinge heritage association,local heritage association in Sweden
GSAT-14,communications satellite
Gualda,single entity of population
Guangdong Dolphins,sports club
"Gull Lake No. 139, Saskatchewan",rural municipality of Canada
Gumala,F-type main-sequence star
Guo Jie,human
GUVV J004033.8-445936.9,UV-emission source
GUVV J052337.8-485917.4,UV-emission source
GUVV J064856.6-360215.8,UV-emission source
GUVV J120642.5-075909.1,UV-emission source
GUVV J142627.0+321540.7,UV-emission source
GUVV J154603.5-125117.5,UV-emission source
GUVV J164725.0-015505.9,UV-emission source
GUVV J225334.9-394830.4,UV-emission source
Guy Armoured Car,armored car
Gwasg Gee,publisher
Gwent County Council,county council
Győri ETO Futsal Club,football club
Gáldar FS,football club
Gánovce,municipality of Slovakia
Göltzsch Viaduct,bridge over valley
Göltzsch Viaduct,railway bridge
Göltzsch Viaduct,stone bridge
Göltzschtalbrücke,bridge over valley
Göltzschtalbrücke,road bridge
Göltzschtalbrücke,stone bridge
Görlitz,border town
Görlitz,district capital
H&M,brick and mortar company
H&M,fashion label
Haarlemmermeer,municipality of the Netherlands
Haarlemmermeer,polder
HaBesor Stream,wadi
Hadzhidimovo,border town
Haeju,big city
Hafodunos,country house
Hailes Abbey,abbey
Hale County,county of Texas
Halle Gate,city gate
Halle Gate,military museum
Halloween,film
haloperidol,medication
Hamar Municipality,municipality of Norway
Hamburg Dammtor station,elevated station
Hamburg Dammtor station,Haltepunkt
Hamburg Dammtor station,trade fair railway station
Hamburg Media School,film school
Hamburg Media School,Hochschule
Hamburg-Altona station,Fernbahnhof
Hamersley Group,group
Hamhung,city of North Korea
Hammarö,registration district in Sweden
Hancock County,county of West Virginia
Hands Oval,stadium
Hank Williams With His Drifting Cowboys discography,discography
Hanover,rural municipality of Canada
Hanover Township,township of Pennsylvania
Hanson-Taylor-Wright Heritage Site,sector
Happy Joe's,pizzeria chain
Harambe,individual animal
Harambe,mammal living in captivity
Hardwick Hall,art museum
Harike Wetland,lake
Harlingen railway station,railway station
Harmoniemesse,mass
Harrison County,county of West Virginia
Harry and the Potters discography,discography
Hartmannsöd,hermitage
Hasling,hermitage
Hassan Township,urban township of Minnesota
HAT-P-7,F-type main-sequence star
Haubitze M1,weapon model
Haute-Corrèze Communauté,community of communes
HD 104985 b,giant planet
HD 113889,infrared source
HD 14433,pulsating variable star
HD 149026 b,giant planet
HD 159870,infrared source
HD 214129,RS Canum Venaticorum variable
HD 89744,F-type main-sequence star
HD 92207,infrared source
HD 92207,pulsating variable star
Healey New Mill Including Attached Chimney,mill building
Health and Social Care Committee - Fourth Assembly,committee
"Health, Wellbeing and Local Government Committee - Third Assembly",committee
Heart of Oak,merchant vessel
Heartz-O'Halloran Row,terrace of houses
"Hedgehog protein, Hint domain",protein domain
Heerhugowaard,municipality of the Netherlands
Heerhugowaard,polder
Heinrichova 32,tenement
Heinrichova 9,tenement
Heiß,hermitage
Hell in a Cell,wrestling event
Hellboy,superhero
Hellenistic theatre of Dion,Greek theatre
Hello! Project,female idol group
Helsinki Ice Hall,indoor ice rink
Helvetica,sans-serif
Henan Phoenix,sports club
hendecagonal number,integer sequence
Hepplewhite,art style
Herbettes Aqueduct,navigable aqueduct
Hercules,oratorio
Heroes,television series
"Het dok voor het Hansahuis, Antwerpen",lithograph
Het nieuw stapelhuis en de grote dokhaven te Antwerpen,lithograph
hexagonal number,integer sequence
Hib,dessert
Hibiscus Coast,urban area
Hidaka Subprefecture,subprefecture of Japan
High Bridge Trail State Park,Virginia state park
High Tower,radio program
High View Primary School,foundation school
Himmelsberg,Site of Community Importance
Hinatazaka46,girl group
Hippodrome & Grand Theatre,movie theater
Hirslanden,municipality of Switzerland
Hitomi,space observatory
Hladový buk u Dětřichovce,remarkable tree
Hladový buk u Dětřichovce,solitary
HMCS Protecteur,Her Majesty's Canadian Ship
HMCS Provider,Her Majesty's Canadian Ship
HMCS Provider,replenishment oiler
HMS Beagle,motor yacht
HMS Sveparen,minesweeper
HMS Sökaren,minesweeper
HMS Tjurkö,minesweeper
HMS Tjörn,minesweeper
HMS Tärnö,minesweeper
HMS Ulvön,minesweeper
HMS Utö,minesweeper
HMS Ven,minesweeper
HMS Viksten,minesweeper
HMS Vinga,minesweeper
HMS Vinö,minesweeper
HMS Örskär,minesweeper
Hochschulen,neighborhood
Hoeryong,city of North Korea
Hof Aza Regional Council,human settlement
Hofburg Palace,official residence
Hoffmann-La Roche,business
Hojancha Canton,canton of Costa Rica
Holborn Circus,road junction
Holborn Circus,square
Hollich wind farm,wind farm
Holmes County,county of Mississippi
Holon,big city
Holon,city
Holy Cross Preparatory School,girls school
Holzbrücke Bad Säckingen,wooden bridge
Holzbrücke Wettingen-Neuenhof,wooden bridge
Home Fleet,marine unit
Homenagem Ao Comendador Antonio Devoto,civil decoration
"Homenagem da Municipalidad Del Rosário, de Santa Fé, Ao Centenário da Independência do Brasil",civil decoration
Homenagem do Aero Club de France A Santos Dumont,civil decoration
Homenagem do Aerolloyd Iguassú A Santos Dumont,civil decoration
Hommage à Rameau,composition for piano
Horsehair Crab from Suwa Lake,manga chapter
Hortaleza,district of Madrid
Horácký zimní stadion,indoor ice rink
Hotel-class submarine,submarine class
House,television series
House of Freedom,building
House of Freedom,museum
House of Lucrezio Frontone,ruins
House of the Ara Maxima,domus
House of the Ceii,domus
House of the Dioscuri,ruins
House of the Golden Bracelet,ruins
House of the Indian Statuette,ruins
House of the Silver Wedding,ruins
House of the surgeon,ruins
House of Trebius Valens,ruins
House Party,radio program
Houéyogbé,commune of Benin
Hua Lamphong intersection,intersection
Hualpén,commune of Chile
Hualqui,commune of Chile
Huara,commune of Chile
Hubaysh District,district of Yemen
Huckleberry Finn,RoPax
Huddersfield Giants,rugby league team
Huechuraba,commune of Chile
Huichon,big city
Hull F.C.,rugby league team
Humberside County Council,county council
Hungarian Catholic Eparchy of Miskolc,eparchy
Hungarian Front,resistance movement
Hungry Mother State Park,historic district
Hungry Mother State Park,Virginia state park
Huntington Township,township of Pennsylvania
Hvidovre Icehockey Club,indoor ice rink
Hwapyong County,county of North Korea
Hyannis,harbor tugboat
Hybernská 42,hotel
hydrodynamics,branch of physics
Hyundai Steel Red Angels WFC,women's association football club
Höngg,municipality of Switzerland
Húrin of Emyn Arnen,men in Tolkien's legendarium
I Gesuiti,jesuit church
I'm Still Waiting,music track with vocals
IBK Sundsvall,floorball club
Ice rink at the West Station,indoor ice rink
Iceland at the UEFA Euro 2016,Iceland national football team
Iceland women's national football team,women's national association football team
icosihenagonal number,integer sequence
icositrigonal number,integer sequence
id Tech 3,free software
id Tech 3,game engine
Ido,international auxiliary language
IFC Films,film production company
Iglesia de San Isidoro,monument
IK Tauri,Mira variable
IK Tauri,variable star
Ikamiut,rural area
Il Girasole,human settlement
Iliopsoas,medical term
Illinois Department of Corrections,department of corrections
Illorsuit,hamlet
image of grave,Wikidata property for birth or death
Immune Response and Development in Insects,Unité Propre de Recherche
Immunoglobulin subtype,protein domain
Immunopathologie et Chimie Thérapeutique,Unité Propre de Recherche
Imperial College Business School,business school
Imperial Trans-Antarctic Expedition,research expedition
In Plenty,collage art
In Plenty,painting
In the Days of Daniel Boone,serial film
Inakappe Taishō,Japanese TV series
Independent Democrats,political party
India,dominion of the British Empire
India,sovereign state
India Open Data Association,advocacy group
India Open Data Association,organization
Indianapolis,county seat
Indianapolis,planned community
Industrie,human settlement
Ingrid Christensen Coast,coast
Innfjorden,rural area
INSAT-1C,communications satellite
INSAT-3B,communications satellite
Institut Charles Sadron,research institute
Institut d'histoire du temps présent,research institute
Institut de Chimie des Substances Naturelles,research institute
Institut de Génie Informatique et Industriel,institute
Institut industriel du Nord,institute
Institut national de l'audiovisuel,cinematheque
Institut national de l'audiovisuel,institute
Institut technologique européen d'entrepreneuriat et de management,engineering degree in France
Institut technologique européen d'entrepreneuriat et de management,institute
Institut universitaire de technologie de Lannion,University Institute of Technology
Institut universitaire de technologie de Lorient,University Institute of Technology
Institute for Advanced Sustainability Studies,institute
Institute of Botany of the Czech Academy of Sciences,institute
Institute of Botany of the Czech Academy of Sciences,research institute
Instituto Antártico Chileno,National Antarctic Program
Instituto Antártico Uruguayo,institute
"Integrated Goods and Services Tax Act, 2017",Act of the Parliament of India
Integrative structural biology for mechanisms of protein mis-folding and dysregulation: a Japan-UK partnership between Leeds and Osaka,research grant
Inter FS,football club
International Business School Groningen,business school
International Journal of Life Cycle Assessment,scientific journal
International Vinegar Museum,museum
Introducing Wikidata to the Linked Data Web,scientific conference paper
Inubōsaki Lighthouse,lighthouse
Inuktitut Wikipedia,Wikipedia language edition
Invergordon distillery,trademark
Ion Mobility Spectrometry,computer file
Iota Apodis,infrared source
Iquique,city in Chile
Iran at the 1998 FIFA World Cup,Iran at the FIFA World Cup
Iran at the 1998 FIFA World Cup,nation at sport competition
IRC+10420,variable star
Irish Gambit,gambit
Ise Province,province of Japan
Islamic art of the Emirate and the Caliphate,art style
Island Learning Centre,Pupil Referral Unit
"Istituto Nazionale di Documentazione, Innovazione e Ricerca Educativa",institute
It Might Be Time,single
It Might Get Loud,rockumentary
Italy,sovereign state
Iter Italicum,catalogue
ITRA runner ID,Wikidata property for authority control for people
ITRA runner ID,Wikidata property related to athletics
Itziar,minor local entity of Spain
IUT Tremblay,University Institute of Technology
Iva Zanicchi international discography,discography
Ivakhnivtsi Forest,landscape reserve
Iwama,dissolved municipality of Japan
Iwate Prefectural Library,prefectural library of Japan
Izumi Province,province of Japan
J-96,cell line
Jack Frost,folkloristic character
Jackson County,county of West Virginia
Jackson Township,township of Pennsylvania
Jaguar XJ220,automobile model
Jahran District,district of Yemen
James B. Sheffield Olympic Skating Rink,indoor ice rink
James River State Park,Virginia state park
James Webb Space Telescope,space observatory
January 2015,calendar month of a given year
Japan,island nation
Japan,sovereign state
Japan at the 2018 FIFA World Cup,Japan at the FIFA World Cup
Japan National Route 197,maritime transport
Japan National Route 269,maritime transport
Japan National Route 338,maritime transport
Japan National Route 338,road
Japan National Route 350,maritime transport
Japan National Route 350,road
Japan National Route 390,maritime transport
Japan National Route 390,road
Japan National Route 436,maritime transport
Japan National Route 436,road
Japan National Route 57,road
Jaqueville department,department of Ivory Coast
Jardins sous la pluie,composition for piano
Jaws,film
Jay Park discography,discography
Jefferson County,county of Mississippi
Jelbart Ice Shelf,ice shelf
Jenkins Township,township of Pennsylvania
"Jennifer Lin: Improvising on piano, aged 14",TED talk
Jerrabomberra Wetlands Nature Reserve,nature reserve
Jerrabomberra Wetlands Nature Reserve,wetland
"Jesuit Church, Lucerne",jesuit church
Jesuitenkirche,jesuit church
Jewel Geyser,geyser
Jewish Children's Museum,Jewish museum
Ješkova Ves,municipality of Slovakia
JHC,cell line
Jilm habrolistý na Přemilově,Ulmus minor
Jinotega,big city
Jisr az-Zarqa,local council in Israel
Jiujiang Yangtze River Bridge,road–rail bridge
Jiujiang Yangtze River Bridge,truss arch bridge
Jiříkovského 6,tenement
Joan Halifax: Compassion and the true meaning of empathy,TED Women talk
Joaquin de la Vega,fictional child
Joaquin de la Vega,film character
Job,book of the Bible
Jogo Padrão,tool
Joh. Enschedé,printer
John & Ann,merchant vessel
John 20,chapter of the Bible
Johnny Cash Sun Records discography,discography
Jordan Media Institute,journalism school
Josef-Scheu-Hof,Gemeindebau
Josef-Scheu-Hof,multiple dwellings
Josef-Wiedermann-Hof,Gemeindebau
Journal of Applied Animal Research,trade magazine
Journal of Cytology,APC-free journal
Journal of Indian Association of Pediatric Surgeons,APC-free journal
Journal of Indian Society of Pedodontics and Preventive Dentistry,APC-free journal
Journal of Medical Physics,APC-free journal
Journal of Ocean and Climate,open-access journal
Journal of Ocean and Climate,scientific journal
Journal of Postgraduate Medicine,APC-free journal
Journal of Veterinary Science,APC-free journal
Jowzjan,province of Afghanistan
JTC-17,cell line
JTC-3,cell line
Judas Maccabaeus,oratorio
Judgement of Cambyses,diptych
Jufra,district of Libya
Jul i Svingen,television series
Jul i Valhal,miniseries
Jul i Valhal,television series
July 1937,calendar month of a given year
July 2014,calendar month of a given year
Junctional multiprotein signaling complexes in sensory neurons,research grant
June 2014,calendar month of a given year
Junín Lacus,lacus
JW Marriott Las Vegas,casino
Jönköping County,county of Sweden
K2 Telephone Kiosk At Junction With Whitechapel Road,red telephone box
K21,infantry fighting vehicle
K6 Telephone Kiosk To North Of Tyldesley Chapel,red telephone box
Kaaswaag,weigh house
Kaasův buk,solitary
Kabela,dance
Kaechon,big city
Kafr Qara,local council in Israel
Kaigan Line,rapid transit railway line
Kajongg,application
Kaknäs,ancient monument
Kalalè,commune of Benin
Kalambo District,district of Tanzania
Kalibombang Dance,dance
Kalpana-1,communications satellite
Kalvfjärden,cove
Kamačnik Canyon,canyon
Kamikawa Subprefecture,subprefecture of Japan
Kampelíkova 2,tenement
Kangaamiut,human settlement
Kangaamiut,rural area
Kanta-Tapanila,retirement home
Kapman,application
Karl Marx-Hof,cultural property
Karl-Höger-Hof,Gemeindebau
Karl-Höger-Hof,multiple dwellings
Karl-Volkert-Hof,multiple dwellings
Karlskrona lower light,lighthouse
Karsten Golf Course,golf club
Kasat Suek Intersection,intersection
Kassel-Wilhelmshöhe station,station located on surface
Kasukabe,special city of Japan
Kasulu District,district of Tanzania
Kaufbeuren–Schongau railway,abandoned railway
Kaufbeuren–Schongau railway,branch line
Kawaguchi,special city of Japan
Kawainui and Hamakua Marsh Complex,wetland
Kawartha Speedway,race track
Kazakh Wikibooks,Wikibooks language edition
Kazakhstan,sovereign state
Kazuno District,district of Japan
KBlackbox,application
KBlocks,application
KBreakout,application
KCC-MS871,cell line
KCC-TCM901,cell line
KDiamond,application
Kecak,Balinese dance
Kecak,dance
Kelvin Aqueduct,navigable aqueduct
Kemp Coast,coast
Kengis,ancient monument
Kenneth Macdonald Beaumont,human
Kermeter,Site of Community Importance
Keyakizaka46,girl group
KFourInLine,application
KGoldrunner,application
Kh-22,cruise missile
Khan al-Shuna,Listed building in Acre
Khan al-Shuna,Listed building in Israel
Khan al-Shuna,residence
"Khana, Nigeria",Local Government area of Lagos State
Kholmsky District,urban okrug in Russia
Khon Kaen,big city
Khoroshyovsky District,district of Moscow
Kibaha District,district of Tanzania
Kibondo District,district of Tanzania
Kidder Township,township of Pennsylvania
Kigo,application
Kilosa District,district of Tanzania
Kimchaek,big city
King,lower-tier municipality
King Edward Primary School,foundation school
King Haakon VII Freedom Cross,military decoration
Kingston Lacy,English country house
Kingston Lacy,historic house museum
Kinpurney Hill,contour fort
Kiptopeke State Park,Virginia state park
"Kirkland, Signpost At Junction Of A702 And B729",signpost
Kirkstall Abbey,abbey
Kirkstall Abbey,cup and ring mark
Kiryat Ata,city
Kiryat Tiv'on,local council in Israel
Kisarawe District,district of Tanzania
Kishapu District,district of Tanzania
Kitaakita District,district of Japan
Klang,typeface
Kletskaya,stanitsa
KNetWalk,application
Kobben-class submarine,submarine class
Kochenёvo,work settlement of Russia
Kodachrome Basin State Park,Utah state park
Koll Rock,rock formation
Kolsh,Municipal unit of Albania
Komuna e Gjepalajt,administrative region
Komuna e Kutallit,administrative region
Komuna e Pojanit,administrative region
Konquest,application
Konstanz,rural district of Baden-Württemberg
Kootenai National Forest,United States National Forest
Koovee,floorball club
Kopung County,county of North Korea
Korogwe District,district of Tanzania
Kosmos 1001,unmanned spaceflight
Kosmos 1074,unmanned spaceflight
Kosmos 212,unmanned spaceflight
Kosmos 573,unmanned spaceflight
Kosmos 613,unmanned spaceflight
Kosmos 638,unmanned spaceflight
Kosmos 672,unmanned spaceflight
Kosmos 772,unmanned spaceflight
Kostolík,mountain
Kostolík,nunatak
Kościół św. Barbary w Krakowie,jesuit church
KP-P1,cell line
Kpomassè,commune of Benin
Krasnozërskoye,work settlement of Russia
Kreis Bergstraße,rural district of Hesse
Krishna,human who may be fictional
Kröller-Müller Museum,national museum
Kröller-Müller Museum,sculpture garden
Krönner-Riff SE von Bayerisch Gmain,geotope
Krāslava,city under municipality jurisdiction in Latvia
KSR-5,cruise missile
KTuberling,application
KU-7,cell line
Kuchibiru ni uta o,film
Kugelbake,daymark
Kujang County,county of North Korea
Kulsary,urban area
Kunst am Bau im Kopenhagen-Hof,Gemeindebau
Kurdish Wikibooks,Wikibooks language edition
Kuressaare City,city
Kurskaya,stanitsa
Kushiro Subprefecture,subprefecture of Japan
Kusong,city of North Korea
KV10,hypogeum
KV11,hypogeum
KV13,tomb
KV15,tomb
KV18,tomb
KV19,tomb
KV42,tomb
KV46,tomb
KV47,hypogeum
Kwimba District,district of Tanzania
Kyoto Animation arson attack,arson
Kácov,municipality of the Czech Republic
Kölberg,hermitage
Kūkō Line,rapid transit railway line
L'Alacantí,comarque of the Valencian Community
L'Aldosa de Canillo,settlement of Andorra
L'Islet Regional County Municipality,regional county municipality
L-132,cell line
La Comarca de Utiel-Requena,comarque of the Valencian Community
La Concordia,municipality of Nicaragua
La Cruz Canton,canton of Costa Rica
La Côte-de-Gaspé Regional County Municipality,regional county municipality
La Florida,commune of Chile
La Haute-Gaspésie,regional county municipality
La Luna,music track with vocals
La Serena,city in Chile
La soirée dans Grenade,composition for piano
Labinot-Fushë,Municipal unit of Albania
Laboratory for Analysis and Architecture of Systems,research institute
Laboratory of Theoretical Biochemistry,Unité Propre de Recherche
Lace sample inv. 851,appliqué
Lacus Aestatis,lacus
Lacus Autumni,lacus
Lacus Bonitatis,lacus
Lacus Doloris,lacus
Lacus Felicitatis,lacus
Lacus Gaudii,lacus
Lacus Hiemalis,lacus
Lacus Lenitatis,lacus
Lacus Luxuriae,lacus
Lacus Mortis,lacus
Lacus Oblivionis,lacus
Lacus Odii,lacus
Lacus Perseverantiae,lacus
Lacus Solitudinis,lacus
Lacus Somniorum,lacus
Lacus Spei,lacus
Lacus Temporis,lacus
Lacus Timoris,lacus
Ladies Tour of Norway,stage race
Ladozhskaya,stanitsa
Lages Levada a Sério,political coalition
Laghman,province of Afghanistan
"Lago Ranco, Chile",commune of Chile
Laguna Blanca,salt lake
Lagôa Dourada . Commissão Geographica e Geologica de Minas Gerais Flha. Nº. 27,item of collection or exhibition
Lakajgården,housing estate
Lake Enriquillo,salt lake
Lake Loramie State Park,Ohio state park
Lake Natron,salt lake
Lake Retba,salt lake
Lake Van,tourist attraction
Lake White State Park,Ohio state park
Lamborghini Diablo,automobile model
Lampa,commune of Chile
Lanao Lacus,lacus
Landac,reef
Landeck,place with town rights and privileges
Landscape of the Pico Island Vineyard Culture,cultural heritage
LaRosa's Pizzeria,pizzeria chain
Lars Christensen Coast,coast
Larsarvet,minor locality in Sweden
Las Colonias Department,department of Argentina
Las Condes,commune of Chile
Las Palmas de Gran Canaria,municipality of Spain
laser science,branch of physics
LATAM Cargo Chile,cargo airline
Latvian Green Party,Green party
Launchpad McQuack,animated character
Launchpad McQuack,television character
Lauren Zalaznick: The conscience of television,TED Women talk
Lavoir de Voutenay-sur-Cure,lavoir
Lavoir Saint-Aignan,lavoir
Lawi Lawi Reef,reef
Lazar 3,infantry fighting vehicle
Lazarev Ice Shelf,ice shelf
LCLG-03 076,galaxy group
LCLG-03 082,galaxy group
LCLG-12 061,galaxy group
LCLG-12 062,galaxy group
LCLG-12 068,galaxy group
Le Gibet,composition for piano
Le Rocher-Percé Regional County Municipality,regional county municipality
Le Sueur County,county of Minnesota
lead-180,isotope of lead
lead-181,isotope of lead
lead-182,isotope of lead
lead-183,isotope of lead
lead-196,isotope of lead
lead-197,isotope of lead
lead-198,isotope of lead
lead-199,isotope of lead
lead-200,isotope of lead
lead-201,isotope of lead
Leander,merchant vessel
Led-T1,cell line
LEDA 87205,low-surface-brightness galaxy
ledipasvir/sofosbuvir,combination drug
Leeds Rhinos,rugby league team
Leesylvania State Park,Virginia state park
Left-Green Movement,Green party
Legislative Assembly of Amapá,unicameral legislature
Legislative Assembly of Espírito Santo,unicameral legislature
Legislative Assembly of Maranhão,unicameral legislature
Legislative Assembly of Mato Grosso do Sul,unicameral legislature
Legislative Assembly of Minas Gerais,unicameral legislature
Legislative Assembly of Paraná,unicameral legislature
Legislative Assembly of Pernambuco,unicameral legislature
Legislative Assembly of Rio Grande do Sul,unicameral legislature
Legislative Assembly of Roraima,unicameral legislature
Legislative Assembly of Santa Catarina,unicameral legislature
Legislative Assembly of Sergipe,unicameral legislature
Legislative Assembly of Tocantins,unicameral legislature
Legislative Chamber of Federal District,unicameral legislature
Legong,performing arts
Leibniz Institute for Tropospheric Research,institute
Leicester's Church,church ruin
Leigh Centurions,rugby league team
Leis 26 Pontevedra FS,football club
Lelydorp,resort of Suriname
Leonardo,mutant
Leonardo,superhero film character
Leonardo,Teenage Mutant Ninja Turtles character
Les Chenaux Regional County Municipality,regional county municipality
Les Maskoutains Regional County Municipality,regional county municipality
Les Vampires,serial film
Leuchtturm Norderney,lighthouse
Leuchtturm Norderney,tourist attraction
Leuchtturm Travemünde,lighthouse
"Levan, Fier",Municipal unit of Albania
Levoberezhny District,district of Moscow
"Levski, Pleven Province",human settlement
LGGS J013401.91+303819.3,Wolf–Rayet star
Liberal Party,political party
Liberal Party of Japan,political party
Liberal Party of Switzerland,political party
Library of the University of Bologna,State public library
Lidové divadlo,voluntary association
Ligat Nashim Rishona,championship
Lille Institute for health systems engineering,institute
Lille school of journalism - École supérieure de journalisme de Lille,educational institution
Lillehammer,municipality of Norway
Lily,music track with vocals
Lily,re-recording
Lincoln Castle,historic house museum
Lincoln County,county of Oklahoma
Lincoln Township,township of Kansas
Lincos,constructed language
Lindi Urban,district of Tanzania
Line 1,rapid transit railway line
Line 10,rapid transit railway line
Line 13,rapid transit railway line
Line 7,circle route
Line 8,rapid transit railway line
Line 9,rapid transit railway line
Lingua Ignota,constructed language
Lingua Ignota,language
lintel Can Rafelic,lintel
Linwood Township,urban township of Minnesota
Lioness Geyser,geyser
Lisa Simpson,fictional child
Lisa Simpson,television character
Lisitsin Gambit,chess opening
Lisitsin Gambit,gambit
list of A6 roads,Wikimedia set index article
list of A7 roads,Wikimedia set index article
Literaturhaus München,cultural heritage ensemble
Little Armstrong Bay,bay
Little Cub Geyser,geyser
Little Theatre of Epidaurus,Greek theatre
Llinda al Carrer Vila d'Amunt,lintel
"Llinda de la casa al carrer Sant Pere, 3",lintel
Llinda del portal d'entrada de Can Busquets,lintel
Llindes,lintel
Llucmajor,municipality of Spain
Località Badile,human settlement
location of first performance,Wikidata property for specifying the location of an event
Logtak Lacus,lacus
Lone Star Geyser,geyser
Longbenton metro station,railway station
Longido District,district of Tanzania
Lonquimay,commune of Chile
Lord Nelson Inn,inn
Los Angeles-class submarine,submarine class
Lota,commune of Chile
Lotto-Decca Tour,stage race
Lovech Province,oblast of Bulgaria
LU,cell line
Lu 106,cell line
Ludwig Von Drake,television character
Luke 15,chapter of the Bible
Luke 4,chapter of the Bible
Luke Skywalker,character from Star Wars
Lura IL,floorball club
"Lusebredde, Hellinghäuser Wiesen und Klostermersch",Site of Community Importance
"Lusebredde, Hellinghäuser Wiesen und Klostermersch",Special Area of Conservation
Lužecký klen,solitary
Lyra,music track with vocals
Lysogorskaya,stanitsa
Lörrach,rural district of Baden-Württemberg
Lövås,minor locality in Sweden
Löwygrube,park
M10T,cell line
M1903 Springfield,weapon model
M2,weapon model
MA-160,cell line
Macedonian Catholic Eparchy of the Blessed Virgin Mary Assumed in Strumica-Skopje,eparchy
Macedonian Wikisource,Wikisource language edition
Machmout Pasa,Parish of Nicosia Municipality
Madakasira Bastion and Gateway,bastion
Madha,province of Oman
Madison County,county of Mississippi
Madurankuliya Wind Farm,onshore wind farm
Maebaru,city of Japan
Maebaru,dissolved municipality of Japan
Magdagachi,work settlement of Russia
Magere Brug,wooden bridge
Magnemite,steel-type Pokémon
Magnetic resonance imaging approaches for studying alcoholism using mouse models.,editorial
Magnezone,steel-type Pokémon
Magnit,retail chain
Magnum XL-200,steel roller coaster
Mahnomen County,county of Minnesota
Mahtessian 252,galaxy group
Mahtessian 56,compact group of galaxies
Mai Na Phiang,Tambon Council
Maidan Wardak,province of Afghanistan
Main-Kinzig-Kreis,rural district of Hesse
Main-Taunus-Kreis,rural district of Hesse
Maine,horse breed
Maipú,commune of Chile
Mairie-lavoir et éolienne d'Arthonnay,city hall
Mairie-lavoir et éolienne d'Arthonnay,lavoir
Maitri Chit Intersection,intersection
Major Nanney,merchant vessel
Malabar Farm State Park,Ohio state park
Malacoda Zona Industriale,human settlement
"Malcolm Gladwell: Choice, happiness and spaghetti sauce",TED talk
Malešov,municipality of the Czech Republic
Malheur National Forest,United States National Forest
Mali,sovereign state
Malmö Isstadion,indoor ice rink
Malta,sovereign state
Manga Entertainment,business
Mankinholes Hall Mankinholes Youth Hostel,hostel
Manly-Warringah Sea Eagles,rugby league team
Mannerheim Line,fortification
Mantodea Species File ID,Wikidata property related to insects and entomology
Mantodea Species File ID,Wikidata property to identify taxa
Manual de biografía y de bibliografía de los escritores españoles del siglo XIX,"version, edition, or translation"
Manukau Institute of Technology,institute
Manyoni District,district of Tanzania
Marathi Wikisource,Wikisource language edition
Marburg-Biedenkopf,rural district of Hesse
March 2014,calendar month of a given year
Marguerite-D'Youville Regional County Municipality,regional county municipality
Maria column,Maria column
Maria column in Benešov nad Ploučnicí,Maria column
Maria column in Brno-Řečkovice,Maria column
Maria column in Obříství,Maria column
Maria column in Obříství,plague column
Maria Mercedes,Philippine TV series
Maria-Franc-Hof,Gemeindebau
Marian Column in Kłodzko,Maria column
Marianas Trench Marine National Monument,National Monument of the United States
Mariensäule,Maria column
Mariensäule Hauptplatz Stainz,Maria column
Marietta National Cemetery,United States national cemetery
Marina Baixa,comarque of the Valencian Community
Marina di Maratea railway halt,railway halt
Marion County,county of West Virginia
Mariquina,commune of Chile
Markham—Stouffville,federal electoral district of Canada
"Marramarra National Park, Muogamarra Nature Reserve and Maroota Historic Site Plan of Management",plan of management
Marshall County,county of West Virginia
Martian Manhunter,superhero
Marvel's 'Doctor Strange' begins production,press release
MARY & ELLEN,merchant vessel
Mary's column,Maria column
Maserati MC12,automobile model
Masirah Island,province of Oman
Maslyanino,work settlement of Russia
Mass in G minor,musical composition
MasterChef Pinoy Edition,Philippine TV series
Maswa District,district of Tanzania
Mateh Binyamin Regional Council,Israeli-occupied territories
matplotlib,Python library
Matrouh Governorate,governorate of Egypt
Matéri,commune of Benin
Maumee Bay State Park,Ohio state park
May 2014,calendar month of a given year
Mayesbrook Park School,Pupil Referral Unit
Mayfa'a District,district of Yemen
mazapán de Toledo,dessert
Mbeya Rural District,district of Tanzania
McClain County,county of Oklahoma
McClung,surname prefixed with Mac or Mc
McCurtain County,county of Oklahoma
McDonald Ice Rumples,ice shelf
McGuire,family name
McLaughlin,family name
McLeod County,county of Minnesota
McManus,family name
McMurdo Ice Shelf,ice shelf
MEA Indian Mission ID,Wikidata property
MEA Indian Mission ID,Wikidata property for an identifier
Meanook National Wildlife Area,national wildlife area of Canada
Medalha Inter Aliados 1914-1918,civil decoration
medical physics,branch of physics
Meerzorg,resort of Suriname
Meijō Line,rapid transit railway line
Meitar,local council in Israel
Melipilla,commune of Chile
Melrose Abbey,abbey
Memorial Gilded Ewer for Amsterdam Guild in Memory of the Artist's Brother,ewer
Memorial Provincial Park,provincial park of Manitoba
Meneldil,men in Tolkien's legendarium
Menuet,composition for piano
Mer Mar,collaborative album
Mercedes-Benz SLR McLaren,automobile model
Mercury-Redstone 2,space mission
Mercury-Redstone 4,manned spacecraft
Mercury-Redstone 4,space mission
Merionethshire,historic county of the United Kingdom
Merionethshire County Council,county council
Meritorious Service Cross,military decoration
Meritxell,settlement of Andorra
Merrill Lynch,business
Merrill Lynch,enterprise
Messiah,oratorio
mestranol/norethisterone,combination drug
Metang,psychic-type Pokémon
Mexico at the 2018 FIFA World Cup,Mexico at the FIFA World Cup
MGM Grand Las Vegas,casino
MGM Grand Las Vegas,hotel
MGM Grand Las Vegas,resort
Miami Valley Golf Club,golf club
Michelangelo,animated character
Michelangelo,fictional turtle
Michelangelo,television character
Microsoft,software company
Mid Glamorgan County Council,county council
Mid-Hudson Children's Museum,children's museum
Middelburg railway station,railway station
Middlesex,historic county of the United Kingdom
Mieza Theatre,Greek theatre
Milan – San Remo 2019,1.UWT
Milan – San Remo 2019,Milan – San Remo
Military Cross,cross
Military Cross,"orders, decorations, and medals of the United Kingdom"
Milka Babović,human
Mills Junction,road junction
Milton Keynes Council,English unitary authority council
Minamikawachi District,district of Japan
Mineral County,county of West Virginia
Minganie Regional County Municipality,regional county municipality
Minister for Communities and Social Inclusion,public office
Minister for Disabilities,public office
Minister for Emergency Services,public office
"Minister for Manufacturing, Innovation and Trade",public office
Minister for Police,public office
Minister for Road Safety,public office
Minister for the River Murray,public office
Minister for Youth,public office
Minister of Social Welfare,public office
Ministry of Energy and Coal Mining,energy ministry
"Ministry of Energy, Utilities, and Climate",energy ministry
"Ministry of Enterprise, Energy and Communications",energy ministry
Ministry of Health,ministry of health
Ministry of Health and Medical Education,ministry of health
Ministry of Health of Germany,ministry of health
Ministry of Petroleum and Energy of Norway,energy ministry
Minya Governorate,governorate of Egypt
Mirbat,province of Oman
Miss Colorado's Outstanding Teen,teen competition
Miss Hawaii's Outstanding Teen,teen competition
Miss Louisiana's Outstanding Teen,teen competition
Miss Maine's Outstanding Teen,teen competition
Miss Mississippi's Outstanding Teen,teen competition
Miss Nebraska's Outstanding Teen,teen competition
Miss Texas' Outstanding Teen,teen competition
Missa brevis Sancti Joannis de Deo,mass
Missa in honorem Sanctissimae Trinitatis,musical composition
Misstepping of Virtue,radio program
Mistral Air,cargo airline
Mitchelton-Scott 2018,UCI WorldTeam
Mitsubishi Type 89 IFV,infantry fighting vehicle
Mittelweiherburg,museum
Miyazaki Prefectural Library,prefectural library of Japan
MLCG 0619,compact group of galaxies
MLCG 1580,compact group of galaxies
mlpy,Python library
Modesto metropolitan statistical area,Metropolitan Statistical Area
Moengo,resort of Suriname
Moka Akashiya,animated character
Moka Akashiya,comics character
Mokotów,city district
Molzhaninovsky District,district of Moscow
mometasone/formoterol,combination drug
Mona Lisa,artwork copy
Moncreiffe Hill,contour fort
Monna Vanna,opera
Monna Vanna,play
Monocacy Aqueduct,navigable aqueduct
Monroe County,county of Mississippi
Monroe Golf Club,golf club
Monrupino,border town
Monsenhor João Alexandre,village
Montagne de Reims Regional Natural Park,regional natural park
Montblanc,human settlement
Montenegro,Mediterranean country
Montenegro,sovereign state
Montgomery County Council,county council
Montour County,county of Pennsylvania
Montreal Symphony Orchestra,symphonic orchestra
Monts d'Ardèche,geopark
Mookerschans,sconce
Moreno Rock,rock formation
Morning Musume,female idol group
Morocco,constitutional monarchy
Morocco,sovereign state
morphine/naltrexone,combination drug
Mosan art,art style
Moselle Viaduct,beam bridge
Moselle Viaduct,bridge over valley
Moselle Viaduct,girder bridge
Moselle Viaduct,steel bridge
Mother and Children Playing,relief sculpture
Motoplex Speedway,race track
Mount Imlay National Park Plan of Management,plan of management
Mount Pleasant Junior School,foundation school
Mouvement,composition for piano
Mouvement National Royaliste,resistance movement
Movement of Ecologists — Citizens' Cooperation,Green party
Movistar 2017,UCI WorldTeam
Mozonte,municipality of Nicaragua
MS Norman Atlantic,RoPax
Mu Arae c,giant planet
Mu Arae d,giant planet
"Multicopper oxidase, type 2",protein domain
Munich massacre,hostage crisis
Murzuq District,district of Libya
musical tuning,umbrella term
musical tuning,Wikipedia article covering multiple topics
Muskogee County,county of Oklahoma
"Musée Saint-Raymond, 2000 14 129",archaeological artifact
"Musée Saint-Raymond, 2000 14 129",coin
MV Erika,shipwrecking
MV Prestige,Aframax
My Faithful Husband,Philippine TV series
Målilla-Gårdveda hembygdsförening,local heritage association in Sweden
Mõisaküla City,city
München Ost station,S-Bahn station
München-Berg am Laim station,Haltepunkt
Mývatn Lacus,lacus
Na Kocandě,tenement
NAD,protein domain
Nahal Hemar,wadi
Nahal Sorek,river
Naẖal Daliyya,wadi
Nakatsugaru District,district of Japan
Nakhal,province of Oman
Nakhon Pathom,Thesaban Nakhon
Nakhon Ratchasima,Thesaban Nakhon
Nakhon Si Thammarat,big city
Namboku Line,rapid transit railway line
Nana intersection,intersection
Nandayure Canton,canton of Costa Rica
Naranjo Canton,canton of Costa Rica
Narvik college of engineering,higher education institution
Nashville,city of the United States
Nashville,county seat
Natalie MacMaster: Fiddling in reel time,TED talk
National Alliance of Liberals,political party
National Audiovisual Institute,cinematheque
National Audiovisual Institute,institute
National University Library of Turin,State public library
Nationwide Arena,multi-purpose stadium
Naturschutzbund Deutschland,association
Naviduct Krabbersgat,navigable aqueduct
Nayoro Main Line,abandoned railway
Neapoli,Parish of Nicosia Municipality
Nekrasovka District,district of Moscow
Nemuro Subprefecture,subprefecture of Japan
Nereus,Greek sea god
Nesna University College,university college
Nestor,crater
Netherlands women's national football team,women's national association football team
Neubrügg,wooden bridge
Neuroscience 2017,academic conference
Neuroscience 2019,academic conference
New causes of occupational asthma,newsletter
New Diligence,merchant vessel
New World Pictures,film production company
New Zealand National Road Race Championships,national road cycling championships
New Zealand Warriors,rugby league team
Newcastle Knights,rugby league team
Newlands Quay,wharf
Nezlobnaya,stanitsa
NGC 123,unknown astronomical object
NGC 1316,lenticular galaxy
NGC 160,lenticular galaxy
NGC 1785,unknown astronomical object
NGC 1921,unknown astronomical object
NGC 2189,unknown astronomical object
NGC 2349,unknown astronomical object
NGC 3210,unknown astronomical object
NGC 3857,lenticular galaxy
NGC 392,lenticular galaxy
NGC 4377,lenticular galaxy
NGC 4435,lenticular galaxy
NGC 524,lenticular galaxy
NGC 56,unknown astronomical object
NGC 59,lenticular galaxy
NGC 611,unknown astronomical object
NGC 7500,lenticular galaxy
NGT48,girl group
Nice Work If You Can Get It,music track with vocals
"Nieuw Amsterdam, Suriname",resort of Suriname
Nieuw Nickerie,resort of Suriname
Night of the Living Dead,film
Nikon Coolpix P900,digital camera model
Nikon D2Hs,digital camera model
Nikon D3400,digital camera model
Nikël,Municipal unit of Albania
Nimrod Expedition,research expedition
Nisab District,district of Yemen
Nizwa,province of Oman
NMB48,female idol group
No Mercy,wrestling event
Noah Chippett Stage/Twine Loft and Wharf,fishing stage
Noah Chippett Stage/Twine Loft and Wharf,wharf
NOGG P1 530,galaxy group
Nogizaka46,female idol group
Non Kha,Tambon Council
Nonthaburi,Thesaban Nakhon
Nor Yungas Province,province of Bolivia
Nord 3.101,prototype
Nord 3.1401 and 3.1402,prototype
Nord 3.1501 and 3.1502,prototype
Nord 3.999,prototype
Nordic combined at the 1928 Winter Olympics,Olympic sports discipline event
Nordic combined at the 1932 Winter Olympics,Olympic sports discipline event
Nordic combined at the 1952 Winter Olympics,Olympic sports discipline event
Nordic combined at the 1960 Winter Olympics,Olympic sports discipline event
Norman Cob,horse breed
Norra Björke,minor locality in Sweden
North Caucasian Front,front
North Foreland Lighthouse,lighthouse
North Macedonia,sovereign state
North Queensland Cowboys,rugby league team
Northern Fleet,marine unit
Norwegian Institute of Journalism,journalism school
Norwegian resistance movement,resistance movement
Norwegian Wikisource,Wikisource language edition
Nous,concept
Nova Gorica,border town
Novel Coronavirus,report
November 2014,calendar month of a given year
November 2014,November
Novo-Peredelkino District,district of Moscow
Novoazovsk wind farm,wind farm
Novy Urgal,work settlement of Russia
NRHP nomination: Brown Street Historic District,National Register of Historic Places nomination form
NRHP nomination: Ivoryton Historic District,National Register of Historic Places nomination form
NRHP nomination: Oregon Caves Historic District,National Register of Historic Places nomination form
NRHP nomination: Oregon Caves Historic District boundary increase,National Register of Historic Places nomination form
NRHP nomination: Waverley Country Club Clubhouse,National Register of Historic Places nomination form
NSG Krombachtalsperre,Special Area of Conservation
Nuclear Spectroscopic Telescope Array,space observatory
NumPy,mathematical software
Nuremberg Central Station,Fernbahnhof
NXT TakeOver: Brooklyn 4,recurrent event edition
NXT TakeOver: New Orleans,wrestling event
NXT TakeOver: Philadelphia,wrestling event
NXT TakeOver: Phoenix,recurrent event edition
NXT TakeOver: WarGames,recurrent event edition
NXT TakeOver: WarGames,wrestling event
Nygården,minor locality in Sweden
Nygårds hagar,minor locality in Sweden
OA vz. 27,armored car
OA vz. 30,armored car
Oakwood Primary School,foundation school
Oberhüttensee,lake
Oberon,opera
Obia/Akpor,Local Government area of Lagos State
Occoneechee State Park,Virginia state park
octagonal number,integer sequence
October 1974 United Kingdom general election,United Kingdom general election
October 2014,calendar month of a given year
Octomore,trademark
Odalisque with Slave,artwork copy
Odenwaldkreis,rural district of Hesse
Odin,crane vessel
Oedipus rex,opera
Oenops,crater
Oerlikon,former municipality of Switzerland
Oerlikon,suburb
Offenbach-Kaiserlei station,Haltepunkt
Ogba/Egbema/Ndoni,Local Government area of Lagos State
Oh My G!,Philippine TV series
Ohio County,county of West Virginia
Ohio State University Golf Club,golf club
Ohrid Lacus,lacus
Okayama Rinkoh Railway Line,abandoned railway
Okfuskee County,county of Oklahoma
Oksøy Lighthouse,lighthouse
Old Barrington Meeting House,meeting house
Old BNZ Building,architectural structure
"Old Cathedral, Linz",jesuit church
Old Faithful,tourist attraction
Old Fort 217,human settlement
Old Fort 217,Indian reserve
Old Town Bridge Tower,tower
oleic acid,excipient
oleic monoethanolamide,endocannabinoids
Olsenbandens første kupp,television series
Olympia Eishalle,indoor ice rink
Olympic National Forest,United States National Forest
Omaha Children's Museum,children's museum
Omerie,Parish of Nicosia Municipality
Omnia,typeface
Omnibus-Verkehrsgesellschaft Heideland,transport company
Omurtag,human settlement
On American Taxation,speech
On the Wings of Love,Philippine TV series
On the Wings of Love,television series
On Wenlock Edge,musical composition
On Wenlock Edge,song cycle
ondansetron,pair of enantiomers
Ondine,composition for piano
Ontario Cottage,art style
Ontario Highway 11,highway
Ontario Highway 581,highway
Ooty Radio Telescope,Cylindrical Paraboloid
Ooty Radio Telescope,radio telescope
Open Research Knowledge Graph: Next Generation Infrastructure for Semantic Scholarly Knowledge,scientific article
Open Telecom Platform,free software
OpenCV,free and open-source software
OpenCV,software library
Operation Paperclip: The Secret Intelligence Program that Brought Nazi Scientists to America,non-fiction
opinion joined by,Wikidata property related to law and justice
Orbiel Aqueduct,navigable aqueduct
Orchestre de la Suisse Romande,symphonic orchestra
Ordynskoye,work settlement of Russia
Orkney Islands,historic county of the United Kingdom
Ormenus,crater
orogeny,concept
orogeny,engineering process
Oronto Group,group
Osaka Metro Chūō Line,rapid transit railway line
Osaka Prefectural Yuhigaoka Library,prefectural library of Japan
Oslo college of higher education,cultural property
Oslo Engineering College,cultural property
Oslí buk,remarkable tree
Oslí buk,solitary
Osnabrück Central Station,tower station
Osorno,big city
Osorno,city in Chile
Ottawa Hunt and Golf Club,curling club
Ottawa Hunt and Golf Club,golf club
Otterstadter Altrhein,oxbow lake
Ouest 901 and 902,prototype
Oulu Business School,business school
Overflowing River Provincial Park,provincial park of Manitoba
Owain Glyndŵr's Mount,castle ruin
Oxelösund lighthouse,lighthouse
Oxelösund lighthouse,sector light
Oxfordshire,ceremonial county of England
Oxfordshire,non-metropolitan county
P-500 Bazalt,cruise missile
P-800 Oniks,cruise missile
Pacific,merchant vessel
Pacific,schooner
Pacific Fleet,marine unit
Padre Abad Province,province of Peru
Pagodes,composition for piano
Pagten,television series
Paint Lake Provincial Park,provincial park of Manitoba
Painted Cross,painted cross
Palackého 1,house
palladium-107,isotope of palladium
palladium-109,isotope of palladium
palladium-114,isotope of palladium
palladium-115,isotope of palladium
palladium-116,isotope of palladium
palladium-117,isotope of palladium
palladium-118,isotope of palladium
palladium-119,isotope of palladium
palladium-120,isotope of palladium
palladium-121,isotope of palladium
palladium-122,isotope of palladium
palladium-123,isotope of palladium
palladium-124,isotope of palladium
palladium-125,isotope of palladium
palladium-126,isotope of palladium
palladium-128,isotope of palladium
palladium-91,isotope of palladium
palladium-92,isotope of palladium
"Palm Beach Babylon: Sins, Scams, and Scandals",non-fiction
palmidrol,endocannabinoids
Palms Casino Resort,casino
Palms Casino Resort,resort
Palpatine,fictional human
Palác na Kopečku,tenement
Palácio do Planalto,official residence
Palácio Imperial,photograph
Pamsendorf wind farm,wind farm
Památné douglasky u Zátiší,grove
Památné jasany u Trnavy,grove
Panda3D,application
Panda3D,game engine
pandas,numerical software
pandas,Python library
Papa Gino's,pizzeria chain
Papa John's Pizza,pizzeria chain
Papa Murphy's,pizzeria chain
Paraguaná Wind Farm,wind farm
Paraguayan women's football championship,championship
"Paraíso, Costa Rica",district of Costa Rica
Parc des Princes,association football stadium
Paris–Brest,dessert
Park Güell,monument
Park Güell,tourist destination
Parkstadt Bogenhausen,cultural heritage ensemble
Parral,commune of Chile
Parramatta Eels,rugby league team
Parsons Green tube station,London Underground station
Partikel,collaborative album
Partikel II,collaborative album
Party of Greens of Ukraine,Green party
Party Rockets GT,musical group
Paruro Province,province of Peru
Pasadena City College,public educational institution of the United States
Pasco–Hernando Community College,public educational institution of the United States
Pasión de Amor,Philippine TV series
Passepied,composition for piano
Passyunk Avenue Bridge,bascule bridge
Pathway Ontology ID,Wikidata property for an identifier
Patriarchate of Peja,monastery (built complex)
Patricia Beach Provincial Park,provincial park of Manitoba
Pauline Chen Lee,human
Pavlova,dessert
Pawan Danavi Wind Farm,onshore wind farm
Payne County,county of Oklahoma
"PDF Reference, fifth edition",technical specification
"PDF Reference, sixth edition",technical specification
"PDF Reference, third edition",technical specification
Peace River Regional District,regional district of British Columbia
Pease Auditorium,auditorium
Pecka,cadastral area in the Czech Republic
Pelican Stars F.C.,association football club
Pelican Stars F.C.,sports club
Penco,commune of Chile
Peniel Heugh,contour fort
Penrith Panthers,rugby league team
Penta Geyser,geyser
Pentrebychan Hall Dovecote,dovecote
Periboea,crater
Perla di Modena,artwork copy
Perlentaucher,cultural magazine
Perth Glory FC W-League,women's association football club
Peruvian women's football championship,championship
pessimism,emotion
Pestalozzi-Hof,Gemeindebau
Pestalozzischule Zwickau,architectural structure
Peñaflor,commune of Chile
Pfarrhof,hermitage
Phelps Rock,rock formation
Phemius,crater
Philoetius,crater
PhilPapers publication ID,Wikidata property for authority control for academic journals
phosphoglycerate kinase Rv1437,protein
phosphoglycerate kinase Rv1437,"protein obsoleted in UniProtKB, SwissProt, TrEMBL"
Photo Booth,conflation
Photo Booth,Wikipedia article covering multiple topics
Piano Sonatas,group of works
Pickering—Uxbridge,federal electoral district of Canada
Piedmont Community College,community college
Piedmont Virginia Community College,community college
Pierre-De Saurel Regional County Municipality,regional county municipality
Pikes Peak Community College,community college
Pima Community College,community college
Pink Cone Geyser,geyser
Pitcher,glass
Piteå IF,women's association football club
Pizza Schmizza,pizzeria chain
Placunopsiden-Riff Tiefenstockheim,geotope
Plana Alta,comarque of the Valencian Community
Plana Baixa,comarque of the Valencian Community
Plant Production Science,society journal
Planta do Sitio do Piquiry,item of collection or exhibition
Plaqueta em Homenagem A Santos Dumont,civil decoration
Plate,item of collection or exhibition
Plate with the Arms of the Pucci Family,ceramics
Plate with the Arms of the Vitelleschi Family,ceramics
Plauerhagen wind farm,wind farm
Plekhanov Russian Economic University,open-access publisher
PLM 241.B.1,prototype
PLM 6001,prototype
PLM C.1 and C.2,prototype
Podolian Voivodeship,former voivodeships of the Crown of the Kingdom of Poland
Point Roe,point
Poland women's national football team,women's national association football team
Poliespo,constructed language
Polish National Road Race Championships,national road cycling championships
Polycaste,crater
Polábek,oxbow lake
Pomeranian Evangelical Church,Landeskirche
Pompeii,archaeological site
"Ponte Vecchio, Bassano",wooden bridge
Ponte-cais de Bissau,pier
Ponte-cais de Bissau,wharf
Ponto do Pocinho,road–rail bridge
Pontotoc County,county of Oklahoma
Pootharekulu,dessert
Pope National Wildlife Area,national wildlife area of Canada
Poplar Bay Provincial Park,provincial park of Manitoba
popular trilogy,group of works
Porsche 959,automobile model
Porsche Carrera GT,automobile model
Port de Valldemossa,shingle beach
Porta Nuova,city gate
Portage Spillway Provincial Park,provincial park of Manitoba
Porter Wagoner and Dolly Parton discography,discography
Portrait of Alessandro Marcello.,work of art
Portrait of Anton Francesco Doni.,work of art
Portrait of Ercole Bottrigari.,work of art
Portrait of Françoise-Auguste Gevaert.,work of art
Portrait of Jules Beer,work of art
Portrait of Nicolò Coccon.,work of art
Portrait of unknown,work of art
Portugal women's national football team,women's national association football team
Portuguese National Road Race Championships,national road cycling championships
Porvenir,commune of Chile
Posadas,big city
Posadas,municipality
Poseidon,crater
potassium-transporting ATPase subunit B Rv1030,protein
pour les accords,composition for piano
pour les agréments,composition for piano
pour les arpèges composés,composition for piano
pour les degrés chromatiques,composition for piano
pour les huit doigts,composition for piano
pour les notes répétées,composition for piano
pour les octaves,composition for piano
pour les quartes,composition for piano
pour les sixtes,composition for piano
pour les sonorités opposées,composition for piano
Power of 10 athlete ID,Wikidata property for authority control for people
Poynter Institute,journalism school
Pra Avançar e Melhorar I,political coalition
Praga-Południe,city district
Praga-Północ,city district
"Prainha, vista da Saúde",photograph
Prairie National Wildlife Area,national wildlife area of Canada
praseodymium-129,isotope of praseodymium
praseodymium-131,isotope of praseodymium
praseodymium-133,isotope of praseodymium
praseodymium-144,isotope of praseodymium
Predator: Fire and Stone,limited series
Predator: Life and Death,limited series
Preludes,group of works
"Preobrazhenskaya, Volgograd Oblast",stanitsa
Pretty Little Liars,television series
Prima Donna,brigantine
Prima Donna,merchant vessel
Prime Pages ID,Wikidata property for an identifier
Prime Pages ID,Wikidata property related to mathematics
Primiero San Martino di Castrozza,Comune sparso
Prince Harald Coast,coast
Priory School,foundation school
Prishtina Clock Tower,building
Prishtina Clock Tower,clock tower
Pro Ecclesia et Pontifice,cross
Probopass,steel-type Pokémon
Prometheus: Life and Death,limited series
promethium,synthetic element
Propositura di San Niccolò,church building
propranolol,pair of enantiomers
protactinium-222,isotope of protactinium
protactinium-223,isotope of protactinium
protactinium-224,isotope of protactinium
protactinium-225,isotope of protactinium
protactinium-226,isotope of protactinium
protactinium-227,isotope of protactinium
protactinium-228,isotope of protactinium
protactinium-229,isotope of protactinium
protactinium-230,isotope of protactinium
protactinium-231,isotope of protactinium
protactinium-232,isotope of protactinium
protactinium-233,isotope of protactinium
protactinium-234,isotope of protactinium
Protein kinase domain,protein domain
Proteomic solutions for analytical challenges associated with alcohol research.,editorial
Proverbs,book of the Bible
Providencia,commune of Chile
Prva srpska železnica,teleplay
Prélude,composition for piano
Prêmio Gualco,civil decoration
Prøvestenen,ancient monument
Psalms,religious text
Public Accounts Committee - Third Assembly,committee
Puerto Montt,big city
Puerto Montt,city in Chile
Punt Road Oval,cricket field
Punta Arenas,big city
Punta Arenas,city in Chile
Punta Judibana,point
Pyftpdlib,Python library
Pylons,free software
Pylons,web framework
PyQt,Python library
PySerial,Python library
Pèrèrè,commune of Benin
Péhunco,Wikimedia duplicated page
Přívozská 22,tenement
Qantas Freight,cargo airline
qathet Regional District,regional district of British Columbia
Qishn District,district of Yemen
Quake engine,game engine
Quaker Meeting House,meeting house
Quar Ice Shelf,ice shelf
Quartiere Ettore Ponti,housing estate
Quartiere IACP Lorenteggio,housing estate
Quartiere Lagosta,housing estate
Quebec Terrace Park,county park
Queen's College London,girls school
Quesada,district of Costa Rica
"Qurayyat, Oman",province of Oman
QW Puppis,peculiar star
R Cassiopeiae,binary star
R Cassiopeiae,Mira variable
R Dra,Mira variable
R Hydrae,binary star
R Hydrae,Mira variable
R Pegasi,Mira variable
Rachyut,province of Oman
Railway Institute,institute
Rainville,resort of Suriname
Rajon Ki Baoli,stepwell
Rakovski,municipality seat
Rama,Characters in the Ramayana
Rama,human who may be fictional
Ramsås,minor locality in Sweden
Ranmou Tomb and Huanwen Tomb,grave
Ransol,settlement of Andorra
Raphael,mutant
Raphael,superhero
Raphael,superhero film character
Raphael,Teenage Mutant Ninja Turtles character
Raphael,video game character
ras el hanout,food ingredient
RASSCALS SS2b164,galaxy group
Ratchawong Intersection,intersection
Rauhfutterspeicher Schöneiche,building
Raven Island National Wildlife Area,national wildlife area of Canada
Razgrad Province,oblast of Bulgaria
Raziel,superhero
Raziel,vampire in a work of fiction
RB 11,Regionalbahn
RB 113,Regionalbahn
RB 12,Regionalbahn
RB 13,Regionalbahn
RB 16,Regionalbahn
RB 17A,Regionalbahn
RB 17C,Regionalbahn
RB 18,Regionalbahn
RB 25,Regionalbahn
RB 26,Regionalbahn
RB 31,Regionalbahn
RB 51,Regionalbahn
RB 52,Regionalbahn
RB 55,Regionalbahn
RB 56,Regionalbahn
RB 57,Regionalbahn
RB 6,Regionalbahn
RB 61,Regionalbahn
RB 63,Regionalbahn
RB 7,Regionalbahn
RB 8,Regionalbahn
RDFShape: An RDF playground based on Shapes,scientific article
RE:Ala 2,cross-reference
RE:Mellodunum,cross-reference
Refmatonisi Antiparou,island
Regent Centre Interchange,through station
Regional District of Central Kootenay,regional district of British Columbia
Regional District of Fraser-Fort George,regional district of British Columbia
Regional District of Nanaimo,regional district of British Columbia
Regional District of Okanagan-Similkameen,regional district of British Columbia
Regionalbus Leipzig,transport company
Rejang dance,dance
Reminders,Wikipedia article covering multiple topics
Renascer de Rio Das Ostras,political coalition
Renström,minor locality in Sweden
Republic of Ireland women's national football team,women's national association football team
Requiem in C minor,mass
Research Papers in Economics Series handle,Wikidata property for authority control for academic journals
Resolution class submarine,submarine class
Resort Town of Sochi,urban okrug in Russia
Responding to a suspected opioid overdose,fact sheet
Rettbergsaue bei Wiesbaden,Special Area of Conservation
Revetment Wall To Whitecote House With Railings And Gate To Canal,wall
Rheinstadion,multi-purpose stadium
Rhexenor,crater
Rho Geminorum,F-type main-sequence star
Rhys Davids,family name
Ribera Alta,comarque of the Valencian Community
Richard Henry Abbatt,human
Rideau Terrace,terrace of houses
Riesberg,hermitage
RingCentral Coliseum,multi-purpose stadium
Risley Township,township of Kansas
Ritchie County,county of West Virginia
riz à l'impératrice,dessert
RNA polymerase sigma-70,protein domain
RNA polymerase sigma-70 like domain,protein domain
Robert Arryn,A Song of Ice and Fire character
Robert Arryn,fictional child
Robert Arryn,Game of Thrones character
Robert F. Kennedy Memorial Stadium,multi-purpose stadium
Robertson Oval,cricket field
Rockwood National Wildlife Area,national wildlife area of Canada
Rocky,film
Rocky Lake Provincial Park,provincial park of Manitoba
Roman Catholic Ecclesiastical Province of Kirkuk,ecclesiastical province
Roman Catholic Ecclesiastical Province of Tyre,ecclesiastical province
Romancos,single entity of population
Romanesque art in Catalonia,art style
Romania,country
Romania,sovereign state
Romanian National Road Race Championships,national road cycling championships
Romanian Wikisource,Wikisource language edition
Romuald Klim,human
Ronnie Lane & Slim Chance discography,discography
Rose Atoll Marine National Monument,National Monument of the United States
Rose Manor,retirement home
Rossaveal,human settlement
Rostokino District,district of Moscow
Route nationale 341,route nationale
Route nationale 346,route nationale
Route nationale 347,route nationale
Route nationale 348,route nationale
Route nationale 35,route nationale
Route nationale 353,route nationale
Route nationale 356,route nationale
Route nationale 358,route nationale
Route nationale 36,route nationale
Route nationale 363,route nationale
Route nationale 387,route nationale
Route nationale 636,route nationale
Route nationale 716,route nationale
Route nationale 737,route nationale
Royal Adelaide Golf Club,golf club
Royal Library of Turin,State public library
Royal Red Cross,cross
Royal Rumble,recurrent event edition
Royal Rumble,wrestling event
RPyC,Python library
RSCG 80,compact group of galaxies
Rubers Law,contour fort
Rubers Law,multiple enclosure hillfort
rubidium-80,isotope of rubidium
rubidium-83,isotope of rubidium
rubidium-84,isotope of rubidium
rubidium-85,isotope of rubidium
rubidium-88,isotope of rubidium
rubidium-89,isotope of rubidium
Rudi Cerne,human
"Rudná, Rožňava District",municipality of Slovakia
Rudskoga,registration district in Sweden
Rugby union at the 1900 Summer Olympics,Olympic sports discipline event
Rugby union at the 1908 Summer Olympics,Olympic sports discipline event
Rung Rawi,Tambon Council
Rural Municipality of Armstrong,rural municipality of Canada
Rural Municipality of East St. Paul,rural municipality of Canada
Russia at the 2018 FIFA World Cup,Russia at the FIFA World Cup
Rustavi,city
ruthenium-105,isotope of ruthenium
ruthenium-108,isotope of ruthenium
ruthenium-110,isotope of ruthenium
ruthenium-97,isotope of ruthenium
RV Derinsu,survey vessel
RV MTA Turkuaz,survey vessel
RYAN COOGLER TO DIRECT MARVEL'S 'BLACK PANTHER',press release
Ryanverse,book series
Ryongchon,county of North Korea
Ryongrim County,county of North Korea
Rájovský javor,solitary
Ráth Cairn,human settlement
S Serpentis,Mira variable
S'Algar,bay
Sa Font Figuera,shingle beach
Saarloq,island
Sabian,business
Sabinet journal ID,Wikidata property for authority control for academic journals
Sacramento Children's Museum,children's museum
Saddlebrook Park,county park
Saham,province of Oman
Saint sépulcre de Marienthal,relief sculpture
Saint-Esteve XIII Catalan,rugby league team
Sainte-Baume Regional Nature Park,regional natural park
Saints Peter and Paul Church,jesuit church
Sakassou,department of Ivory Coast
Sakha Wikisource,Wikisource language edition
Sakura Gakuin discography,discography
Salacgrīva,city under municipality jurisdiction in Latvia
Salaspils,city under municipality jurisdiction in Latvia
Salathiel,merchant vessel
Saldus,city under municipality jurisdiction in Latvia
Salford Red Devils,rugby league team
Salh District,district of Yemen
Salzburg,statutory city of Austria
Sam Houston National Forest,United States National Forest
Samail,province of Oman
Samson,oratorio
San Clemente Dormitory,residential college
San Francisco de Asís,parish of Venezuela
San Francisco Symphony,symphonic orchestra
San Giovanni Battista,church building
San Giovanni Battista a Corsano,church building
San Giovanni in Sugana,pieve
San Gorgonio Pass Wind Farm,wind farm
San Jose–Sunnyvale–Santa Clara metropolitan statistical area,Metropolitan Statistical Area
San José Canton,canton of Costa Rica
San José de Bocay,municipality of Nicaragua
San José de Cusmapa,municipality of Nicaragua
San Juan de Nicaragua,border town
San Lorenzo Dorsino,Comune sparso
San Martín de Porres,parish of Venezuela
San Michele in Bosco railway halt,railway halt
San Rafael del Norte,municipality of Nicaragua
San Sebastián Classic 2019,1.UWT
San Sebastián de Yalí,municipality of Nicaragua
Sandanski,spa town
Sankt Anna hembygdsförening,local heritage association in Sweden
Sant Joan de Labritja,municipality of Spain
Sant Josep de sa Talaia,municipality of Spain
Sant Llorenç des Cardassar,municipality of Spain
Sant Lluís,municipality of Spain
Sant'Agata,minor basilica
Sant'Andrea al Quirinale,titular church
Santa Eulària des Riu,municipality of Spain
Santa Luzia e Praia da Glória,photograph
Santa Margalida,municipality of Spain
Santa María de Pantasma,municipality of Nicaragua
Santanyí,municipality of Spain
Santi Ansano e Tommaso,church building
Santi Simone e Giuda,church building
Sapporo,city with millions of inhabitants
Saqqaq,human settlement
Saqqaq,rural area
Sarasota Municipal Auditorium,auditorium
Sarchí Canton,canton of Costa Rica
Sardana,dance
Sardana,music genre
SAS Protea,Hecla-class survey vessel
Satanstornade,collaborative album
Satricum,archaeological site
Saudi Arabia,sovereign state
Saue City,city
Savyolovsky District,district of Moscow
Saxe-Weimar-Eisenach,duchy
Sbarro,pizzeria chain
Sberbank of Russia,business
Sberbank of Russia,enterprise
Scarbo,composition for piano
Scarborough,non-metropolitan district
Scarborough—Rouge Park,federal electoral district in Ontario
Scarborough—Rouge Park,federal electoral district of Canada
Schafweid,hermitage
Scheuereck,hermitage
Schichauweg railway station,Haltepunkt
Schloss Amberg,Ansitz
Schloss Goldenstein,castle
Schwabach station,cultural heritage ensemble
Schwarzenberg wind farm,wind farm
Schwaz,place with town rights and privileges
Schönhof,hermitage
Schüttauhof,multiple dwellings
ScientificPython,Python library
scikit-learn,software library
Scotiabank,business
Scotland Run Golf Club,golf club
Scotland women's national football team,women's national association football team
Scugog,lower-tier municipality
Sd.Kfz. 247,armored car
SDSS J080105.29+472749.2,Gravitational lens
SDSS J082130.66+373330.6,Gravitational lens
SDSS J084054.18+505152.8,Gravitational lens
SDSS J084121.74+501720.1,Gravitational lens
SDSS J121504.44+004726.0,Gravitational lens
SDSS J123427.98-024129.5,Gravitational lens
SDSS J133751.31+362018.0,Gravitational lens
SDSS J152646.00+210607.2,possible globular cluster
SDSS J154246.33+162951.7,Gravitational lens
SDSS J163150.32+185404.0,Gravitational lens
SDSS J212252.04+040935.5,Gravitational lens
SDSSCGA 574,compact group of galaxies
season,Wikidata property for items about works
Sebkha el Melah,salt lake
Second Epistle of Peter,book of the Bible
Second Epistle to Timothy,book of the Bible
Second Vatican Council,synod
Second voyage of HMS Beagle,circumnavigation
Secondo quartiere popolare della Società Umanitaria,housing estate
Seebach,former municipality of Switzerland
Selekcja II. Skorpion,teleplay
Semele,oratorio
semitendinosus muscle,medical term
semolina,food ingredient
Sendai,city with millions of inhabitants
Sennan District,district of Japan
Sennfelder See,oxbow lake
September 11 attacks,suicide attack
September 1997,calendar month of a given year
September 2014,calendar month of a given year
Serbian Wikibooks,Wikibooks language edition
Serbian Wikipedia,multi-script Wikimedia site
Serbian Wikisource,Wikisource language edition
Sergio Mendes & Brasil '66 discography,discography
Sesto ed Uniti,Comune sparso
Sevan Lacus,lacus
seventh power,integer sequence
seventh power,power function
Severe Tropical Storm Matmo,cyclone
Sexual Healing,music track with vocals
sFH 18,weapon model
Sgt. Pepper's,studio album
Sgùrr Alasdair,Marilyn
Sgùrr Alasdair,mountain
Shahryar,literary character
Shanghai Disney Resort,resort
"Sheikha Al Mayassa: Globalizing the local, localizing the global",TED Women talk
Sheila Patek: The shrimp with a kick!,TED talk
Shelley,typeface
Shetland Islands,historic county of the United Kingdom
Shinas,province of Oman
Shinjuku-ku,capital of prefecture
Shinjuku-ku,special ward of Japan
Shippan Point,point
Shirin Neshat: Art in exile,TED Women talk
Shiritsu Ebisu Chugaku,musical group
Shizuoka,capital of prefecture
Shizuoka,city designated by government ordinance
Shk 284,galaxy group
Shk 321,galaxy group
Shomron Regional Council,Israeli settlement
short track speed skating at the 1988 Winter Olympics,Olympic sports discipline event
Si Phraya Intersection,intersection
"sign stone, Felsenburg Bözingen",archaeological artifact
signpost,monument
Sijung County,county of North Korea
Silja Serenade,RoPax
Silk Way West Airlines,cargo airline
Silver Bow County,county of Montana
silver-111,isotope of silver
silver-113,isotope of silver
silver-114,isotope of silver
silver-115,isotope of silver
silver-116,isotope of silver
silver-117,isotope of silver
silver-119,isotope of silver
silver-121,isotope of silver
silver-122,isotope of silver
silver-123,isotope of silver
silver-125,isotope of silver
silver-129,isotope of silver
SimPy,Python library
simultaneity,binary relation
Sinchon County,county of North Korea
Sindo County,county of North Korea
Sinterklaas,fictional human
Sinterklaas,folk saint
Sinterklaas,literary character
Sinterklaas,television character
Sintfeld wind farm,wind farm
Sinuiju,city of North Korea
Sita,human who may be fictional
Site de Fondmarin de Crépy-en-Valois,nymphaeum
Site du patrimoine Jacques-Cartier,sector
site patrimonial du Quartier-du-Moulin,sector
Siuslaw National Forest,United States National Forest
Siuslaw River Bridge,road bridge
Siuslaw River Bridge,tied-arch bridge
Sjöstads IF,association football club
Skalica Ice Stadium,indoor ice rink
Skellefteå IBK,floorball club
Ski jumping at the 1932 Winter Olympics,Olympic sports discipline event
Ski jumping at the 1948 Winter Olympics,Olympic sports discipline event
Ski jumping at the 1956 Winter Olympics,Olympic sports discipline event
Ski jumping at the 1960 Winter Olympics,Olympic sports discipline event
Skillingmark,registration district in Sweden
Skinners Family Hotel,pub
SKS Douro,oil tanker
Skupina stromů u tvrze,grove
Skupina šesti dubů,grove
Sky Deutschland,business
SL2S J020524-093023,Gravitational lens
Slovak Wikisource,Wikisource language edition
Slovene Wikisource,Wikisource language edition
Slovenian women's national road cycling team 1993,elite national cycling team
Slovenian women's national road cycling team 1994,elite national cycling team
Slovenian women's national road cycling team 1995,elite national cycling team
Slovenian women's national road cycling team 1996,elite national cycling team
Slovenian women's national road cycling team 1997,elite national cycling team
Slovenian women's national road cycling team 1998,elite national cycling team
Slovenian women's national road cycling team 1999,elite national cycling team
Slovenian women's national road cycling team 2000,elite national cycling team
Slovenian women's national road cycling team 2001,elite national cycling team
Slovenian women's national road cycling team 2002,elite national cycling team
Slowpoke,psychic-type Pokémon
Small ewer,ewer
Small Fort of Our Lady of Monserrate,cultural heritage
Small Fort of Our Lady of Monserrate,fortress of Brazil
small theatre of Ambracia,Greek theatre
Smallville,television series
Smedsgården and Bredäng,minor locality in Sweden
Smegma Plays Merzbow Plays Smegma,collaborative album
Smoochum,psychic-type Pokémon
SN 2005jh,supernova
SN 2005ji,supernova
SN 2005jj,supernova
SN 2005jk,supernova
SN 2007au,supernova
SN 2007ax,supernova
SN 2007ba,supernova
SN 2007bc,supernova
SN 2007bd,supernova
SN 2007bj,supernova
SN 2007bm,supernova
SN 2007bo,supernova
SN 2007bp,supernova
SN 2007bq,supernova
SN 2007br,supernova
SN 2007bs,supernova
SN 2007bt,supernova
SN 2007bu,supernova
SNCF 232.P.1,prototype
SNCF 232.U.1,prototype
SNCF 5-230.E.93,prototype
Snegurochka,animated character
Snegurochka,fictional human
Snegurochka,folkloristic character
snow skin mooncake,dessert
Society for Immunotherapy of Cancer,open-access publisher
Société nouvelle de distribution,film production company
software,academic discipline
Sohag Governorate,governorate of Egypt
Sok Nok Ten,Tambon Council
Solar and Heliospheric Observatory,space observatory
Solar Dynamics Observatory,space observatory
Solar Lake,salt lake
solid-state physics,branch of physics
Solomon,oratorio
Solrock,psychic-type Pokémon
Song of the South,feature film
Songgan County,county of North Korea
Songkhla,Thesaban Nakhon
Songwon County,county of North Korea
sorbic acid,food additive
South Africa women's national association football team,women's national association football team
South Hampstead High School,girls school
South Sudan,sovereign state
South Sydney Rabbitohs,rugby league team
Southampton City Council,English unitary authority council
Southern Ocean Seaspray Aerosol Flux Experiment,research grant
Southwood School,foundation school
Soyuz 2,unmanned spaceflight
Soyuz T-1,unmanned spaceflight
Soyuz TM-1,unmanned spaceflight
Soyuz TM-11,human spaceflight
Soyuz TM-14,human spaceflight
Soyuz TM-15,human spaceflight
Soyuz TM-17,human spaceflight
Soyuz TM-19,human spaceflight
Soyuz TM-21,human spaceflight
Soyuz TM-23,human spaceflight
Soyuz TM-28,human spaceflight
Soyuz TM-3,human spaceflight
Soyuz TM-31,human spaceflight
Soyuz TMA-2,human spaceflight
Soyuz TMA-3,human spaceflight
Spain at the 1954 European Athletics Championships,nation at sport competition
Spain at the 2018 FIFA World Cup,Spain at the FIFA World Cup
Spain women's national football team,women's national association football team
SPARC Europe,advocacy group
Spartans W.F.C.,women's association football club
Spauregg,Ansitz
Spawn,superhero
speech organ,concept
Sperr,hermitage
Spidean a Choire Leith,Simm
Spidean Mialach,Simm
Spiers Lake National Wildlife Area,national wildlife area of Canada
Splinter,comics character
Sporting de Huelva,women's association football club
Sprite Remix,drink
Sprout,Japanese TV series
Sron a' Choire Ghairbh,Simm
St Andrews,royal burgh
St Bartholomew's Church,church building
St Bartholomew's Church,church ruin
St Helens RLFC,rugby league team
St John Altarpiece,reredos
St John Altarpiece,triptych
St Peter's Primary School,foundation school
St. George Children's Museum,children's museum
St. George Illawarra Dragons,rugby league team
"St. Michael's Church, Munich",jesuit church
"Stable, Barn And Dovecote Approximately 45 Metres South Of Copcourt Manor",barn
Stadio Olympica,indoor ice rink
Stadttheater Augsburg,cultural heritage ensemble
Stadtwerke Mühlheim am Main,City and municipal services
Stadtwerke Mühlheim am Main,transport company
Stadtwerke Witzenhausen,City and municipal services
Stadtwerke Witzenhausen,transport company
Stalin,teleplay
Stalwart National Wildlife Area,national wildlife area of Canada
Standards of Conduct Committee - Fourth Assembly,committee
Standing Committee of the National People's Congress,legislature
Stanton School,foundation school
starch,food ingredient
Starmie,psychic-type Pokémon
Station 1 Oßling,triangulation station
Station 16 Pfaffenberg,triangulation station
Station 2 Nostitzhöhe,triangulation station
Station 29 Buchberg,triangulation station
Station 3 Jauernick,triangulation station
Station 40 Schanzberg,triangulation station
Station 41 Hutberg,triangulation station
Station 43 Spitzberg,triangulation station
Station 44 Kottmar,triangulation station
Statistical and Social Inquiry Society of Ireland,open-access publisher
statistics,academic major
Statnett,transmission system operator
"Statue of Godfrey, First Viscount Tredegar",equestrian statue
Statue of Madona,Maria column
Staunton River State Park,historic district
Staunton River State Park,Virginia state park
Stavanger Eagle,oil tanker
Steady Geyser,geyser
stearic monoethanolamide,endocannabinoids
Stefan Sagmeister: Happiness by design,TED talk
"Stein, Pfadigrüebli",archaeological artifact
Stena Nautica,RoPax
Stenen,village in Saskatchewan
Steven Levitt: The freakonomics of crack dealing,TED talk
Stickers Gat,survey vessel
Stjernehallen,indoor ice rink
Stob Choire Claurigh,mountain
Stob Coire Sgriodain,Simm
Stockton metropolitan statistical area,Metropolitan Statistical Area
Stoke-on-Trent City Council,English unitary authority council
Stolt Ilex,chemical tanker
Straßenanschnitt Königsstuhl bei Bad Berneck,geotope
Straßenanschnitt Königsstuhl bei Bad Berneck,outcrop
Straßenaufschluss N von Seitendorf,geotope
Strathcona Regional District,regional district of British Columbia
Strathisla distillery,distillery
Strathmore Park,county park
Strawberry Lane,Philippine TV series
Stretton Aqueduct,navigable aqueduct
Strike the Blood,literary work
Strindberghof,Gemeindebau
Strindberghof,multiple dwellings
STU48,girl group
Státní okresní archiv Kutná Hora,state district archive
Státní okresní archiv Vyškov,state district archive
Státní okresní archív Břeclav,state district archive
Subprefecture of Itaim Paulista/Vila Curuçá,subprefecture of São Paulo
Subprefecture of Itaquera,subprefecture of São Paulo
Subprefecture of Mooca,subprefecture of São Paulo
Subprefecture of Sé,subprefecture of São Paulo
Sucre,parish of Venezuela
Sukth,Municipal unit of Albania
Sukth,municipality of Albania
Sulphur Spring,geyser
Sulphur Spring,spring
Summer Cloud,schooner
Summertime,music track with vocals
Summertime,music track without vocals
Sunchon,big city
Sundsvall City,floorball club
Sunlight Group,group
Sunshine Coast Regional District,regional district of British Columbia
Super Girls,female idol group
Surrey,ceremonial county of England
Surrey,non-metropolitan county
Surrey Quays railway station,London Underground station
Susan Savage-Rumbaugh: The gentle genius of bonobos,TED talk
suspiro de limeña,dessert
Sussex,historic county of the United Kingdom
Suzun,work settlement of Russia
Sveiva IBK,floorball club
Svenska Jägareförbundet,advocacy group
Sveriges Television's Christmas calendar,miniseries
Sveriges Television's Christmas calendar,television series
Sviblovo District,district of Moscow
Svojanov,municipality of the Czech Republic
Swallow,merchant vessel
Swallow,schooner
Swedish Football Association,sports governing body
Swedish National Road Race Championships,national road cycling championships
SWELLS SDSS J0822+1828 lens,Gravitational lens
SWELLS SDSS J1117+4704 lens,Gravitational lens
SWELLS SDSS J1203+2535 lens,Gravitational lens
SWELLS SDSS J1300+3704 lens,Gravitational lens
SWELLS SDSS J1556+3446 lens,Gravitational lens
Swimrun,type of sport
Swingate Inn,inn
Swiss Institute for Art Research,institute
Symphony Number One,chamber ensemble
SymPy,computer algebra system
SymPy,Python library
Syrian Catholic Eparchy of Our Lady of Deliverance of Newark,eparchy
Syro-Malabar Catholic Eparchy of Rajkot,eparchy
Séré de Rivières system,fortification
T2WML: Table To Wikidata Mapping Language,scientific article
Ta Kuan-Yin Ting and Hsin-Chi Kung,Chinese temple
"Tabakhane, Nicosia",Parish of Nicosia Municipality
"Taht-el-kale, Nicosia",Parish of Nicosia Municipality
Taipei Arena,multi-purpose stadium
Tajik Wikibooks,Wikibooks language edition
Tajik Wikipedia,Wikipedia language edition
Tajikistan,sovereign state
Takrouna War Cemetery,military cemetery
Talavera la Nueva,single entity of population
Tamil Wikisource,Wikisource language edition
Tamsui Line,abandoned railway
Tamsui Line,railway line
Tanggai dance,dance
"Tapestry fragment ""Quand Dieu vouldra""",fragment
Tapestry fragments on a green ground,fragment
Tapestry fragments on a red ground,fragment
Tari Pinggan,dance
Tarim District,district of Yemen
Tarkhankut Wind Farm,wind farm
Tarlo River National Park Plan of Management,plan of management
Tarragonès,comarca of Catalonia
Tarutyns'kyj steppe,landscape reserve
Taskiwin,dance
Tauern wind farm,wind farm
Tava,drink
Taylor County,county of West Virginia
TB Uphusen,association football club
Teacher's Highland Cream,drink
Team Syachihoko,girl group
Team Syachihoko,musical group
Teapot,item of collection or exhibition
Tegernsee-Bahn Betriebsgesellschaft,transport company
TEHO,drink
Telepizza,pizzeria chain
Telugu Wikisource,Wikisource language edition
Tempoku Line,abandoned railway
Temuco,big city
Temuco,city in Chile
Ten High,drink
Tenhults IBK,floorball club
Tepelský dub,solitary
Terezije Bridge,arch bridge
Tersk horse,horse breed
Tesco,brick and mortar company
Tethys,Titan
Tetuán,district of Madrid
Texarkana metropolitan area,Metropolitan Statistical Area
Tha Nang Naeo,Tambon Council
Thai Wikisource,Wikisource language edition
Thang Khwang,Tambon Council
The 2018 Conference of the North American Chapter of the Association for Computational Linguistics: Human Language Technologies,academic conference
The 22nd ACM Conference on Computer-Supported Cooperative Work and Social Computing,academic conference
"The 42nd IEEE International Conference on Acoustics, Speech and Signal Processing",academic conference
The 55th annual meeting of the Association for Computational Linguistics,academic conference
The 58th annual meeting of the Association for Computational Linguistics,academic conference
The Asian Reporter,newspaper
The Battle For Wesnoth,free or open-source video game
The Beatles international discography,discography
The Beatles Swedish discography,discography
The Beatles UK discography,discography
The Boy Who Cried Wolf,manga chapter
The Buffalo Declaration,website
The Cannon Group,business
The Cannon Group,enterprise
The Churchill School,foundation school
The Dalles Chronicle,newspaper
The Drew Las Vegas,skyscraper
The Estancia Club,golf club
The Exorcist,film
The German Front,non-fiction
The Ghost of Time,manga chapter
The Glory of Gershwin,tribute album
The Godfather,film
The Godfather Part II,film
The Guardian of Time,manga chapter
The Half Sisters,Philippine TV series
The Jimi Hendrix Experience discography,discography
The Julekalender,television series
The Little Shepherd,composition for piano
The Moving Corpse,manga chapter
The Mummy,film
The National Club,clubhouse
The Netherlands at the football World Cup 2004,nation at sport competition
The One Number You Need to Grow,magazine article
The Orpheus Clock : the search for my family's art treasures stolen by the Nazis,non-fiction
The Paranoid Style in American Politics,magazine article
The Persian Qanat,UNESCO World Heritage Site
The Ravine of Goodbye,shirokuban
The Red Shoes,music track with vocals
The Red Shoes,re-recording
The Roller Coaster,steel roller coaster
The Romany Inn,inn
The Royal Oak Inn,inn
The Ruler of Time,manga chapter
The Santa Fe Trail,serial film
The Second Booke of Songes or Ayres,group of works
The Serpent Chooses Adam and Eve,painting
The Speyside distillery,whisky distillery
The Stob,mountain
The Thinkery,children's museum
The Three Caballeros,anthology film
The Toronto Club,clubhouse
The Truth of the Karuta Cards,manga chapter
The Von Bülow Affair : the Objective Behind-the-Scenes Account of the Shocking Attempted Murder Case,non-fiction
The Windsor Hotel Toya Resort & Spa,hotel
The Women's Tour,stage race
The Woolpack Inn,inn
Theano,Python library
Theater of Elis,Greek theatre
Theatre of Messene,Greek theatre
theatre of Sarno,Greek theatre
Theo T,oil tanker
Theodora,oratorio
thioredoxin reductase Rv3913,protein
thioredoxin reductase Rv3913,"protein obsoleted in UniProtKB, SwissProt, TrEMBL"
Thirty-Fourth AAAI Conference on Artificial Intelligence,academic conference
Thirty-seventh International Conference on Machine Learning,academic conference
Thompson submachine gun,weapon model
Thor Brings Ragnarok to the Marvel Cinematic Universe in 2017,press release
Thorney Howe Youth Hostel,hostel
Three Gate Piers with Linking Wall to 151 Otley Road,wall
Thrissur,big city
Thwaites Interdisciplinary Margin Evolution,research grant
Thủ Đức,urban district of Vietnam
Tianxingzhou Yangtze River Bridge,road–rail bridge
Tiberias,city council
Tiberias,political territorial entity
Tiburones Rojos de Veracruz,sports club
Tiburón Golf Club,golf club
Tilarán Canton,canton of Costa Rica
Till Eulenspiegel,folkloristic character
Tilt,drink
Timber Township,township of Illinois
Timiryazevsky District,district of Moscow
Timurid art,art style
Tintern Abbey,abbey
Tkinter,software library
"TLC: Tables, Ladders & Chairs",recurrent event edition
Tlogosari,third-level administrative country subdivision in Indonesia
Tokchon,big city
Toki Pona,a posteriori language
Tokyo Disney Resort,resort
Tolono Township,township of Illinois
Tom Shannon: Anti-gravity sculpture,TED talk
Tomasgårdens IF,floorball club
Tomb Ami Said,grave
Tomb of Qiu Cheng,grave
Tomb of Wu Liang,grave
Tomen y Castell,castle ruin
Tomeškův dub,solitary
Tompkins Township,township of Illinois
Tonti Township,township of Illinois
Tooloom National Park Plan of Management,plan of management
Topeng dance,dance
Torodi Department,department of Niger
Toronto Golf Club,golf club
Totness,resort of Suriname
Toucountouna,commune of Benin
Toulon Township,township of Illinois
Tour de Kumano,stage race
Tour of Cappadocia,stage race
Tour of Zhoushan Island II,stage race
Towada Lacus,lacus
Towanda Township,township of Illinois
Town Branch,drink
Toyama Prefectural Library,prefectural library of Japan
TPC of Louisiana,golf club
Trabalho por uma Paulista Sustentável,political coalition
Trafalgar-class submarine,submarine class
Trajan's Bridge,wooden bridge
Transbaikal Front,front
Transporter Classification Database ID,Wikidata property for an identifier
trapezius muscle,medical term
Travis,animal actor
Tremont Township,township of Illinois
Trent Hills,lower-tier municipality
tretinoin,carboxylic acid
tretinoin,chemical compound
Trevignano,Comune sparso
Treviño,minor local entity of Spain
Trewhiddle style,art style
Trial Speech of Ken Saro-Wiwa,speech
tridecagonal number,integer sequence
Triptych of Adriaan Reins,triptych
Tristan i Izolda,teleplay
Trolleybuses in Biel/Bienne,traffic system
Trolleybuses in Lucerne,traffic system
Trolleybuses in St. Gallen,traffic system
Tropical Depression Eighteen-E,tropical depression
Tropical Depression Fifteen-E,tropical depression
Tropical Depression Four-E,tropical depression
Tropical Depression Nine-E,tropical depression
Tropical Depression One-C,tropical depression
Tropical Depression One-E,tropical depression
Tropical depression Seventeen-E,tropical depression
Tropical Depression Ten-E,tropical depression
Tropical Depression Thirteen-E,tropical depression
Tropical depression Twenty-Two-E,tropical depression
Tropical depression Two-C,tropical depression
Tropical storm Barry,tropical storm
Tropical storm Ernesto,tropical storm
Tropical Storm Gordon,tropical depression
Tropical storm in 1989 Karen,tropical storm
Tropical Storm in 1990 Arthur,tropical storm
Tropical Storm in 1990 Cesar,tropical storm
Tropical Storm in 1990 Edouard,tropical storm
Tropical Storm in 1990 Fran,tropical storm
Tropical Storm in 1990 Hortense,tropical storm
Tropical storm Iris,tropical storm
Tropical storm Isaac,tropical storm
Tropical storm Unnamed,tropical storm
Troy Grove Township,township of Illinois
Trust Land No. XVIII,tribal area
Trøllhøvdi,islet
Tshatshani Communal Land,tribal area
Tsuide ni Tonchinkan,Japanese TV series
Tuek Chai Intersection,intersection
Tulpar,infantry fighting vehicle
Tuperssuatsiat bay,bay
Turkish Wikisource,Wikisource language edition
Turkmenistan,sovereign state
Tushek TS 900H,supercar
Tway National Wildlife Area,national wildlife area of Canada
Twentieth Conference on Neural Information Processing Systems,academic conference
Twenty-eighth Conference on Neural Information Processing Systems,academic conference
Twenty-fifth Conference on Neural Information Processing Systems,academic conference
Twenty-fourth Conference on Neural Information Processing Systems,academic conference
Twenty-ninth Conference on Neural Information Processing Systems,academic conference
Twenty-Second Annual Conference on Neural Information Processing Systems,academic conference
"two stone blocks, Büttenberg, Schlossbahn",archaeological artifact
Tyler County,county of West Virginia
Type 206 submarine,submarine class
Type 38 75 mm Field Gun,weapon model
Typhoon Bualoi,cyclone
Typhoon Fengshen,cyclone
Typhoon Halong,cyclone
Typhoon Kalmaegi,cyclone
Typhoon Nakri,cyclone
Typhoon-class submarine,Soviet/Russian armament programme
Tân Bình,urban district of Vietnam
Tønsberg,Hanseatic city
Těšínská tiskárna,business
Tůně u Špačků,natural monument in the Czech Republic
U Herculis,Mira variable
U Herculis,variable star
U Orionis,Mira variable
U Orionis,nova
Ubon Ratchathani,Thesaban Nakhon
Uchte,municipality of Germany
UDP-N-acetylglucosamine--N-acetylmuramyl-,protein
UDP-N-acetylglucosamine--N-acetylmuramyl-,"protein obsoleted in UniProtKB, SwissProt, TrEMBL"
Uet era Ngermeuangel,salt lake
Uet era Ongael,salt lake
UGC 2994,low-surface-brightness galaxy
Uiju County,county of North Korea
Ukraine,sovereign state
Ukraine women's national football team,women's national association football team
Ukrainian Catholic Eparchy of Kolomyia,eparchy
Ukrainian Greek Catholic Eparchy of Buchach,eparchy
UltraSignup runner ID,Wikidata property for authority control for people
UltraSignup runner ID,Wikidata property related to athletics
Umeå City IBK,floorball club
Umtali Heights,tribal area
Unava Reserve,landscape reserve
Ungova Communal Land,tribal area
"Union Territory Goods and Services Tax Act, 2017",Act of the Parliament of India
UNIT Factory,educational organization
United States Department of Health and Human Services,ministry of health
United States House of Representatives,legislature
United States Pacific Fleet,marine unit
United States Ram Fleet,marine unit
Univers,typeface
Universal Orlando Resort,resort
University Institute of Technology of Nantes,University Institute of Technology
University Library of Naples,State public library
University Library of Padua,State public library
University of Calgary Faculty of Law,law school
University of Edinburgh School of Law,law school
University of Exeter Business School,business school
University of Idaho College of Law,law school
University of Kentucky College of Law,law school
University of Massachusetts School of Law,law school
University of Miami School of Business Administration,business school
University of Montana School of Law,law school
University of Montenegro Faculty of Economics,business school
University of New Hampshire School of Law,law school
University of Sydney Business School,business school
União e Igualdade,political coalition
União Trabalhista por Passo Fundo,political coalition
Unos cuantos seudónimos de escritores españoles con sus correspondientes nombres verdaderos,"version, edition, or translation"
Untitled,painting
Uphaichetsaduthit intersection,intersection
Upper New York Bay,bay
Upper New York Bay,cove
urease accessory protein UreF Rv1851,protein
urease accessory protein UreF Rv1851,"protein obsoleted in UniProtKB, SwissProt, TrEMBL"
Uri Party,political party
Ursus,city district
Uruguay at the 2018 FIFA World Cup,Uruguay at the FIFA World Cup
USGC S165,galaxy group
USGC U468,compact group of galaxies
Usi County,county of North Korea
Using climate change information in ecosystems services for poverty alleviation research in China,research grant
Using naloxone to reverse opioid overdose in the workplace: information for employers and workers,fact sheet
USNS Kane,survey vessel
Uspenski Cathedral,city block
USS Ganadoga,harbor tugboat
USS Kansas City,replenishment oiler
USS Kittanning,harbor tugboat
USS Kittaton,harbor tugboat
USS Manistee,harbor tugboat
USS Mascoutah,harbor tugboat
USS Mecosta,harbor tugboat
USS Mishawaka,harbor tugboat
USS Muskegon,harbor tugboat
USS Nanticoke,harbor tugboat
USS Natahki,harbor tugboat
USS Natick,harbor tugboat
Uwharrie National Forest,United States National Forest
Uzbek Wikibooks,Wikibooks language edition
Uzbek Wikipedia,Wikipedia language edition
Uzumba Communal Land,tribal area
V* V1768 Sgr,Orion variable
V* V1779 Sgr,Orion variable
V* V1784 Sgr,Orion variable
V* V1791 Sgr,Orion variable
V* V856 Ori,RS Canum Venaticorum variable
V4381 Sagittarii,infrared source
V4381 Sagittarii,pulsating variable star
Val di Chy,Comune sparso
Valdivia,big city
Valdivia,city in Chile
Valencia Féminas CF,women's association football club
Valga City,city
Valka,town divided by border
Vall d'Albaida,comarque of the Valencian Community
Vallibel Wind Farm,onshore wind farm
Valparaíso,big city
Valparaíso,city in Chile
valsartan,carboxylic acid
valsartan,chemical compound
valsartan,medication
Vandalism Detection in Wikidata,scientific conference paper
Vase,glass
Vatican City,sovereign state
Vaudreuil-Soulanges Regional County Municipality,regional county municipality
Vdara,resort
Veliko Tarnovo Province,oblast of Bulgaria
Venetian Wikisource,Wikisource language edition
Ventasso,Comune sparso
Venuksen koulu,radio program
Verdure with birds,fragment
Vernors,drink
Verulamium,ancient city
Verulamium,archaeological site
Vetter Verkehrsbetriebe,transport company
Victoria Drive Primary Pupil Referral Unit,Pupil Referral Unit
Victoria tube station,London Underground station
Victory Through Air Power,feature film
Vicálvaro,district of Madrid
Vidin Province,oblast of Bulgaria
Villa Bonelli railway halt,railway halt
Vinalopó Mitjà,comarque of the Valencian Community
Virginia Beach,independent city
Virginia's 18th congressional district,United States congressional district
Virginia's 19th congressional district,United States congressional district
Virginia's 20th congressional district,United States congressional district
Virginia's 21st congressional district,United States congressional district
Virginia's 22nd congressional district,United States congressional district
Virginia's at-large congressional seat,United States congressional district
Visby Apoteket 3,real estate
Visby Apoteket 6,real estate
Visby Novisen 4,real estate
Visby Novisen 5,real estate
Visby Novisen 6,real estate
Vittsjö GIK,women's association football club
Vivekananda Institute of Professional Studies,journalism school
Viña del Mar,big city
Vlissingen railway station,station building
Vogelsberg wind farm,wind farm
voice,concept
Volkhov Front,front
Volksbank Arena,indoor ice rink
Vostochnoye Degunino District,district of Moscow
Vox Publica,online magazine
Voyeykov Ice Shelf,ice shelf
VPython,Python library
Vratsa Province,oblast of Bulgaria
VTB Arena,multi-purpose stadium
VV 699,compact group of galaxies
Västanfors IF,floorball club
Västerbotten County,county of Sweden
Växjö DFF,sports club
W. L. Weller,drink
Waag,museum
Waag,weigh house
"Wachauerhof, Wien",multiple dwellings
Wadi al Hayaa District,district of Libya
Wadi al Shatii District,district of Libya
Waldeck,village in Saskatchewan
Waldeck-Frankenberg,rural district of Hesse
Waldshut,rural district of Baden-Württemberg
Wall Street bombing,explosion
Wall To Front Garden Of Cumberland Priory With Two Sets Of Gate Piers,wall
Wallace Lake Provincial Park,provincial park of Manitoba
Walt Disney World Resort,resort
Walt Disney World Resort,tourist attraction
Walter Cronkite School of Journalism and Mass Communication,journalism school
Walter Lemke Department of Journalism,journalism school
Wanhatti,resort of Suriname
Wapping railway station,London Underground station
War Cross for Military Valour,cross
Warkworth Castle,historic house museum
Warner Independent Pictures,film production company
Warwickshire,ceremonial county of England
Warwickshire,non-metropolitan county
Waseca,village in Saskatchewan
Washington's at-large congressional district,United States congressional district
WASP-8,high proper-motion star
Watch House Terrace,terrace of houses
Watchorn Provincial Park,provincial park of Manitoba
Waterloo tube station,underground railway station
Watonwan County,county of Minnesota
Waverley Park,cricket field
Waverley Primary School,foundation school
Weatherhead School of Management,business school
Webb National Wildlife Area,national wildlife area of Canada
Wedza Communal Land,tribal area
Wegweiser Kronburg,signpost
Weirs,collaborative album
Wellington Square Townhouses,terrace of houses
Wembley Stadium,association football stadium
Wembley Stadium,multi-purpose stadium
Wenden Voivodeship,voivodeship of the Duchy of Livonia
Wenlock Communal Land,tribal area
Werd,neighborhood
Wesoła,city district
West Glamorgan County Council,county council
West Ham station,London Underground station
West Hill Primary School,foundation school
West Linn Tidings,newspaper
West Sussex,ceremonial county of England
West Triplet Geyser,geyser
West Virginia's 5th congressional district,United States congressional district
West Virginia's 6th congressional district,United States congressional district
West Virginia's at-large congressional seat,United States congressional district
Western Fleet,fleet
Western States Division: your gateway to working with NIOSH in the west,fact sheet
Westfälische Götterspeise,dessert
Westlands Primary School,foundation school
Westmorland,historic county of the United Kingdom
Weston Lake,oxbow lake
Wests Tigers,rugby league team
Wetzel County,county of West Virginia
Weya Communal Land,tribal area
Whigs,political party
Whitehouse Primary School,foundation school
Wholesale and retail trade: NORA sector council bulletin,newsletter
Widelands,free or open-source video game
Widnes Vikings,rugby league team
Wierickerschans,fort
Wigan Warriors,rugby league team
Wiki-værkstedet,radio program
Wikidata as semantic representation platform of the scientific achievements of the biomedical Collaborative Research Centre 1002,scientific conference paper
Wikimedia Incubator,Wikimedia project
Wikimedia Meta-Wiki,multi-script Wikimedia site
Wilanów,city district
Wilcox,village in Saskatchewan
Wildlife Protection Act 1972,Wikidata property
Wilkinson Microwave Anisotropy Probe,space observatory
Winchester House School,boarding school
Winchester House School,day school
Winchester House School,preparatory school
Windpark A7,wind farm
Winona County,county of Minnesota
Wisconsin's 10th congressional district,United States congressional district
Wisconsin's 11th congressional district,United States congressional district
Wiwon County,county of North Korea
Wohldorfer Wald,Special Area of Conservation
"Women, Status and Power in Medieval Society",academic conference
Wonosari,third-level administrative country subdivision in Indonesia
Wonsan,city of North Korea
Wonsan,port settlement
Wood Job!,shirokuban
Woosung Road,abandoned railway
Worcestershire,ceremonial county of England
Worcestershire,non-metropolitan county
Worcestershire,vice-county
Works for Piano and Orchestra,group of works
World Chess Championship 1927,World Chess Championship
World Chess Championship 1929,World Chess Championship
World Chess Championship 1958,World Chess Championship
WrestleMania 35,wrestling event
Wringin,third-level administrative country subdivision in Indonesia
Wuhu Yangtze River Bridge,road–rail bridge
WV22,tomb
WWE Greatest Royal Rumble,wrestling event
wxPython,widget toolkit
Wybelsumer Polder wind farm,wind farm
Wybunbury Moss,National Nature Reserve
Wynaut,psychic-type Pokémon
Wyoming County,county of West Virginia
Włochy,city district
Xcelerator,steel roller coaster
xenon-112,isotope of xenon
xenon-113,isotope of xenon
xenon-116,isotope of xenon
xenon-127,isotope of xenon
Xibër,Municipal unit of Albania
Xindian railway line,abandoned railway
Xinzhuang Guangfu Temple,Chinese temple
"XML Data Encoding Specification for Trusted Data Format, version 3",technical specification
Xohol,dessert
Xuixo,dessert
Yalagüina,municipality of Nicaragua
Yamagata Prefectural Library,prefectural library of Japan
Yamaha Corporation,business
Yamanashi Prefectural Library,prefectural library of Japan
Yamato Province,province of Japan
Yan Yan,mammal living in captivity
Yatsukai-shō,reef
Yavne,city
Yavne,tell
Yefremovsky District,urban okrug in Russia
"Yes, Virginia, there is a Santa Claus",editorial
Yevpatoria Bay,cove
Yha Hostel,hostel
Yiddish Wikisource,Wikisource language edition
Ymca Hostel,hostel
York City Council,English unitary authority council
York South—Weston,federal electoral district of Canada
Yorkshire,historic county of the United Kingdom
York—Simcoe,federal electoral district of Canada
Youth Party – European Greens,Green party
Ytre Vikna wind farm,wind farm
Yuzhnoye Medvedkovo District,district of Moscow
Yuzhnoye Tushino District,district of Moscow
Za-Kpota,commune of Benin
Zafarronada de Omaña,carnival
Zagnanado,commune of Benin
Zambia,sovereign state
Zamfara State,state of Nigeria
Zankou,fictional shapeshifter
Zankou,television character
Zeichenstein Balzers,boulder
Zen,collage art
Zen,painting
Zeus,comics character
Zhombe Communal Land,tribal area
Zimbabwe,sovereign state
Zimbiti Communal Land,tribal area
Zimella,Comune sparso
Zimuto Communal Land,tribal area
ZiS-3,weapon model
Zlyden,crater
Zona Artigianale S.P. 157,human settlement
Zona Industriale,human settlement
Zona Industriale Comiti,human settlement
Zona Industriale De Magistris,human settlement
Zona Industriale Edilmac,human settlement
zone 3,fare zone
zone 4,fare zone
zone 5,fare zone
zone 6,fare zone
Zurich Insurance Group,business
Ängesbyn Skaulo,minor locality in Sweden
Ækongen,island
École supérieure de journalisme de Paris,grande école
État 241-101,prototype
Örebro County,county of Sweden
Øresund Bridge,international bridge
Čiovo bridge,road bridge
Čičák,oxbow lake
Ōmagari,city of Japan
Ōsumi Province,province of Japan
Říp Mountain,natural monument in the Czech Republic
Žarnov,municipality of Slovakia
Židák u Rožďalovic,remarkable tree
Židák u Rožďalovic,solitary
Živanické jezero,oxbow lake
Β,Greek letter
Μ,Greek letter
Π,Greek letter
Υ,Greek letter
Г̄,Cyrillic letter
Г̧,Cyrillic letter
К̆,Cyrillic letter
Ї́,Cyrillic letter
Ӓ̄,Cyrillic letter
Ӭ̄,Cyrillic letter
Ԭ,Cyrillic letter
が,kana character
め,kana character
も,kana character
や,kana character
ゆ,kana character
よ,kana character
ら,kana character
り,kana character
る,kana character
れ,kana character
ろ,kana character
わ,kana character
ゐ,kana character
ゑ,kana character
を,kana character
器,hanja character
海,Big5 character
漢,hanja character
漢,kanji character
著,Chinese character
著,hanja character
著,kanji character
Ꙣ,Cyrillic letter
Ꙥ,Cyrillic letter
Ꙧ,Cyrillic letter
Ꚙ,Cyrillic letter
